seed,epoch_index,train_loss,learning_rate,threshold,merged_precision,merged_recall,merged_f1,bin_precision,bin_recall,bin_f1,bin_tp,bin_fp,bin_fn,neg_high_fraction
42,0,1.1629198045961826,0.001,0.5078665614128113,0.5818062827225131,0.30644605308514306,0.40144502144953714,0.2637957152131573,0.42019993105825576,0.3241159266152619,1219,3402,1682,0.26057256888479546
42,1,1.0051752756199883,0.001,0.3542259931564331,0.9807692307692307,0.703205791106515,0.8191126279863481,0.4100921730979534,0.9048603929679421,0.5643947538163836,2625,3776,276,0.3182899685317369
42,2,0.7963437007563592,0.001,0.34565356373786926,0.9558417663293468,0.7163047225094795,0.8189162561576354,0.41753794266441824,0.853498793519476,0.5607518967274374,2476,3454,425,0.30654693376314374
42,3,0.7560680317011588,0.001,0.39317208528518677,0.9186155285313377,0.677007928300586,0.7795197459813454,0.3932038834951456,0.781799379524302,0.5232437420694428,2268,3500,633,0.294727147133318
42,4,0.7339688755467829,0.001,0.42938387393951416,0.8462905375388716,0.656670113753878,0.7395186335403727,0.38036703601108035,0.7573250603240262,0.5063962198916676,2197,3579,704,0.29073605034922095
42,5,0.7221178404718616,0.001,0.5754080414772034,0.8973105134474327,0.6325405032747329,0.7420137484836231,0.3989567233384853,0.7118235091347811,0.5113284635384425,2065,3111,836,0.2573489907130248
42,6,0.7149162265382472,0.001,0.6441800594329834,0.8575949367088608,0.6539124439848328,0.7420301193037356,0.4612616426756986,0.7511203033436746,0.5715409836065574,2179,2545,722,0.2131399186430271
42,7,0.7064129873606583,0.001,0.7595852613449097,0.9005847953216374,0.6370217166494312,0.7462144155057541,0.8975234842015372,0.724577731816615,0.8018310127789433,2102,240,799,0.034615089415918336
42,8,0.7006500421268462,0.001,0.7769367098808289,0.8807692307692307,0.6315063771113409,0.7355952619955832,0.8745847176079734,0.7259565667011375,0.7933697494820117,2106,302,795,0.03776191572645637
42,9,0.6928693803080647,0.001,0.7773941159248352,0.8536695182350292,0.6535677352637022,0.7403358063256541,0.8485780169100692,0.7611168562564633,0.8024713792476831,2208,394,693,0.044439327653695605
42,10,0.6795313252487838,0.0005,0.868984580039978,0.8669487541137753,0.6356428817649087,0.7334924423229912,0.863265306122449,0.7290589451913133,0.7905064473930107,2115,335,786,0.03753166014275846
42,11,0.6700118599701769,0.0005,0.8955180644989014,0.8951533135509396,0.6239227852464667,0.7353239894373349,0.8920208152645274,0.709065839365736,0.7900902631073555,2057,249,844,0.031928774272776114
42,12,0.6681014711336999,0.0005,0.8487972617149353,0.8595194085027726,0.6411582213029989,0.7344521224086871,0.8526192337763878,0.7518097207859359,0.7990474445869207,2181,377,720,0.04167626064932074
42,13,0.6601319337957576,0.0005,0.8881241679191589,0.8704052780395853,0.6366770079283006,0.7354170814254432,0.8689740420271941,0.7269906928645294,0.7916666666666666,2109,318,792,0.03730140455906056
42,14,0.6583292711030727,0.0005,0.9393879175186157,0.8866799204771372,0.61496035849707,0.7262365153673926,0.8866930171277997,0.6959669079627715,0.779837775202781,2019,258,882,0.033003300330033
42,15,0.659170944219035,0.0005,0.9135903120040894,0.8584861307005172,0.6294381247845571,0.726332537788385,0.8594327990135635,0.7207859358841778,0.7840269966254219,2091,342,810,0.03952720853480697
42,16,0.6511250108721325,0.0005,0.9217103123664856,0.8696078431372549,0.6115132712857635,0.7180732645213519,0.8697533535266119,0.6928645294725957,0.7712970069071374,2010,301,891,0.03407782638728989
42,17,0.650524668088956,0.0005,0.8841627240180969,0.8667642752562226,0.6122026887280249,0.7175757575757576,0.8646779074794639,0.6894174422612892,0.7671653241273494,2000,313,901,0.03377081894235935
42,18,0.6473092763608733,0.0005,0.8817498087882996,0.8075370121130552,0.6204756980351603,0.7017543859649124,0.8041117145073701,0.7145811789038262,0.7567074283628399,2073,505,828,0.044669583237393506
42,19,0.6439770823515661,0.0005,0.8915668725967407,0.842605801236329,0.6108238538435022,0.7082334132693845,0.8428571428571429,0.6914856945880731,0.7597046014012497,2006,374,895,0.0360733747793384
42,20,0.6394632378104502,0.00025,0.8649078607559204,0.8432558139534884,0.6249569114098587,0.7178776479904969,0.8430185633575464,0.7200965184419166,0.7767242981966909,2089,389,812,0.038375930616317444
42,21,0.6370465923196511,0.00025,0.8445252180099487,0.836810384793695,0.6221992416408135,0.7137208382759984,0.8346015218261914,0.7183729748362634,0.7721378288254909,2084,413,817,0.040371479008365956
42,22,0.633160752667871,0.00025,0.7979469299316406,0.8326493388052896,0.6294381247845571,0.7169218688653317,0.831230283911672,0.7266459841433989,0.7754276255287843,2108,428,793,0.04014122342466805
42,23,0.6304971181255855,0.00025,0.8576940298080444,0.8385295486272685,0.6211651154774216,0.7136633663366336,0.8375860672336979,0.712857635298173,0.7702048417132216,2068,401,833,0.039143449228643795
42,24,0.6276517067758762,0.00025,0.8724671602249146,0.8635703918722787,0.6153050672182007,0.7185990338164251,0.8659574468085106,0.7014822475008617,0.775090458960198,2035,315,866,0.03331030777496354
42,25,0.6250658229070056,0.00025,0.8514606952667236,0.869041887337506,0.6221992416408135,0.7251908396946565,0.86892797319933,0.7152705963460876,0.7846473813575345,2075,313,826,0.034308081970987794
42,26,0.6216300051224135,0.00025,0.8369157314300537,0.859572400388727,0.6097897276801103,0.7134502923976608,0.8585304054054054,0.7007928300586005,0.7716834313911558,2033,335,868,0.03377081894235935
42,27,0.6192368294203395,0.00025,0.8596770167350769,0.869041887337506,0.6221992416408135,0.7251908396946565,0.867109634551495,0.7197518097207859,0.7865888114522509,2088,320,813,0.03438483383222043
42,28,0.6175302349901391,0.00025,0.7940913438796997,0.8387096774193549,0.6363322992071699,0.7236377891023128,0.8264525993883792,0.7452602550844536,0.7837592894689143,2162,454,739,0.04190651623301865
42,29,0.6142093858611137,0.00025,0.8481207489967346,0.8624338624338624,0.6180627369872458,0.7200803212851405,0.8638262322472848,0.712857635298173,0.7811142587346553,2068,326,833,0.03469184127715097
17,0,1.1623823098800008,0.001,0.5073769092559814,0.3570057581573896,0.1923474663908997,0.25,0.20481927710843373,0.5156842468114443,0.29318961293483586,1496,5808,1405,0.3981119042136772
17,1,1.1027748858464457,0.001,0.9289164543151855,0.985372988785958,0.6966563254050328,0.8162358642972536,0.9793856103476152,0.8352292312995518,0.9015813953488372,2423,51,478,0.05725688847954563
17,2,0.7903847287543814,0.001,0.7581999897956848,0.950313339301701,0.7318166149603585,0.8268743914313534,0.5229638701775873,0.8831437435367114,0.6569230769230769,2562,2337,339,0.2320976283674879
17,3,0.7476370941784608,0.001,0.705993115901947,0.930522280785817,0.6694243364357119,0.7786688051323176,0.4226901916144944,0.7680110306790762,0.5452765540871267,2228,3043,673,0.26341238775040293
17,4,0.7281050338005424,0.001,0.6275758147239685,0.8710407239819005,0.6635642881764908,0.7532772451575035,0.4118181818181818,0.7807652533609101,0.5392215212474706,2265,3235,636,0.2723923555146212
17,5,0.7137322093768649,0.001,0.6315844058990479,0.8568262411347518,0.6663219579455361,0.7496606554198177,0.4100125605598421,0.7876594277835229,0.5392966721737078,2285,3288,616,0.2738506408780413
17,6,0.7059448369389331,0.001,0.50059574842453,0.8573321554770318,0.6690796277145812,0.7515972894482092,0.3911964256164157,0.8148914167528438,0.5286225402504472,2364,3679,537,0.29971601811343923
17,7,0.6944126630479759,0.001,0.6052126884460449,0.8465585269618588,0.6656325405032747,0.7452720957159398,0.3993866075992503,0.807997242330231,0.5345496009122007,2344,3525,557,0.286744953565124
17,8,0.6912599734354334,0.001,0.48186275362968445,0.8593961243803515,0.6573595311961392,0.7449218749999998,0.4369747899159664,0.8066184074457083,0.5668604651162791,2340,3015,561,0.2446081817484074
17,9,0.6859847483533783,0.001,0.7279418110847473,0.9257200606366852,0.6315063771113409,0.7508196721311474,0.9199826989619377,0.733195449844881,0.8160368309994245,2127,185,774,0.033387059636196176
17,10,0.6677960232064445,0.0005,0.7155212759971619,0.8934464875058934,0.6532230265425715,0.754679410593389,0.8794901506373117,0.7849017580144778,0.8295081967213115,2277,312,624,0.04175301251055338
17,11,0.6646214853876395,0.0005,0.6969283223152161,0.8852844381758345,0.6490865218890038,0.749005568814638,0.8724470134874759,0.7804205446397794,0.8238719068413392,2264,331,637,0.04098549389822703
17,12,0.6593082934661791,0.0005,0.7877601981163025,0.9186673199412053,0.6463288521199586,0.7588021044111697,0.9112016293279023,0.771113409169252,0.8353248693054518,2237,218,664,0.03661063780796684
17,13,0.6595785934354872,0.0005,0.696212887763977,0.8837318330989217,0.6497759393312651,0.7489074294795391,0.8495770503861714,0.796277145811789,0.8220640569395018,2310,409,591,0.04405556834753243
17,14,0.6527228730290712,0.0005,0.8030728101730347,0.9153884215734784,0.6377111340916926,0.7517269402681837,0.9027093596059114,0.7580144777662875,0.8240584598088814,2199,237,702,0.0345383375546857
17,15,0.6497040640488869,0.0005,0.7965586185455322,0.928388746803069,0.6256463288521199,0.7475288303130148,0.9221400608960417,0.7307824887969666,0.8153846153846154,2120,179,781,0.030316985186890782
17,16,0.6462879002608857,0.0005,0.7377556562423706,0.8987341772151899,0.6363322992071699,0.7451059535822402,0.8820717131474104,0.7631851085832472,0.818333025318795,2214,296,687,0.03615012664057103
17,17,0.64286338112575,0.0005,0.7550614476203918,0.880357983984927,0.6442605997931747,0.7440286624203821,0.8629715165511932,0.7728369527749052,0.8154209856337515,2242,356,659,0.04044823086959859
17,18,0.6425228085284019,0.0005,0.7134575247764587,0.8704225352112676,0.6390899689762151,0.737030411449016,0.8277879341864717,0.7804205446397794,0.8034066713981547,2264,471,637,0.04451607951492824
17,19,0.6381059065296929,0.0005,0.7068682909011841,0.8641686182669789,0.6359875904860393,0.7327243844320889,0.8247499073731012,0.7673216132368149,0.795,2226,473,675,0.043211297873973445
17,20,0.6346017284090251,0.00025,0.7251766324043274,0.877772534214252,0.6411582213029989,0.7410358565737051,0.8386372145263946,0.7721475353326439,0.8040201005025126,2240,431,661,0.04236702740041446
17,21,0.6286493983450924,0.00025,0.7417680621147156,0.9003487792725461,0.6228886590830748,0.7363488182559088,0.8716490658001624,0.7397449155463633,0.8002983404810741,2146,316,755,0.033847570803591985
17,22,0.6296028449890545,0.00025,0.7202077507972717,0.8847637415621986,0.6325405032747329,0.7376884422110553,0.8488104374520338,0.7624956911409859,0.80334120210641,2212,394,689,0.03906669736741116
17,23,0.62741469550251,0.00025,0.725980281829834,0.8794258373205741,0.6335746294381248,0.7365257463434182,0.8426493108728943,0.7587038952085488,0.7984763286776709,2201,411,700,0.040371479008365956
17,24,0.6214915289434767,0.00025,0.7256309390068054,0.879293893129771,0.635298173043778,0.7376425855513308,0.8408488063660478,0.7649086521889004,0.8010830324909747,2219,420,682,0.04044823086959859
17,25,0.6205799224828202,0.00025,0.7297171950340271,0.8805609284332688,0.6277145811789038,0.7329442543771381,0.8473193473193473,0.7518097207859359,0.7967123287671233,2181,393,720,0.0376084120039911
17,26,0.6167018453177944,0.00025,0.6902608275413513,0.8610594795539034,0.6387452602550845,0.7334256877102712,0.8126353790613718,0.775939331265081,0.7938635161347205,2251,519,650,0.04666513162944201
17,27,0.6161438732364877,0.00025,0.7505133748054504,0.8913690476190477,0.6194415718717684,0.7309334960341671,0.8592923952826352,0.7283695277490521,0.7884328358208955,2113,346,788,0.03231253357893929
17,28,0.6140862875984138,0.00025,0.7076457142829895,0.8769455252918288,0.6215098241985523,0.7274561226548316,0.840234375,0.7414684591520165,0.7877678080937557,2151,409,750,0.03806892317138691
17,29,0.6136853941261199,0.00025,0.7089529633522034,0.8657210401891253,0.6311616683902103,0.7300637958532696,0.8310502283105022,0.7528438469493278,0.7900162778079218,2184,444,717,0.04259728298411237
2026,0,1.1636705497535689,0.001,0.5118093490600586,0.5930764206401045,0.3129955187866253,0.4097472924187725,0.2181708905138736,0.750775594622544,0.33809375970195593,2178,7805,723,0.5594443165246757
2026,1,1.1161127596502354,0.001,0.6998756527900696,0.9763121226196005,0.724577731816615,0.8318163830629204,0.8336068263866098,0.8755601516718373,0.8540685944855414,2540,507,361,0.09156497045053343
2026,2,0.7901406809742357,0.001,0.5015449523925781,0.9644160583941606,0.7287142364701827,0.8301590418221089,0.42421704907050745,0.8731471906239228,0.571009918845807,2533,3438,368,0.31084503799217134
2026,3,0.7554011801688834,0.001,0.5321301221847534,0.9508656995788488,0.7004481213374698,0.8066693132195316,0.40837336993822926,0.8204067562909342,0.545308740978348,2380,3448,521,0.29902525136234553
2026,4,0.7259607517176214,0.001,0.5610396265983582,0.9324389075227599,0.6708031713202344,0.7802726543704892,0.3955910432216629,0.7855911754567391,0.5262064188409143,2279,3482,622,0.2920408319901758
2026,5,0.7185180348827942,0.001,0.5412822365760803,0.9205518553758325,0.6670113753877973,0.7735358784729162,0.3930785123966942,0.7869700103412617,0.5242852221839477,2283,3525,618,0.2939596285209916
2026,6,0.7088846904906518,0.001,0.5629775524139404,0.9088740458015268,0.656670113753878,0.7624574744846909,0.7690714532274767,0.7680110306790762,0.7685408761641945,2228,669,673,0.07130247908511782
2026,7,0.7047151613660283,0.001,0.5018301010131836,0.897025171624714,0.6756290934160635,0.7707432166732207,0.7627831715210356,0.8124784557049294,0.786846937072275,2357,733,544,0.07913116893084657
2026,8,0.6974281544723903,0.001,0.5798283219337463,0.9009389671361502,0.661496035849707,0.7628702047306698,0.7651515151515151,0.8007583591864874,0.7825501094829038,2323,713,578,0.07406554608949267
2026,9,0.6886719001633643,0.001,0.4995729327201843,0.8671171171171171,0.6635642881764908,0.7518062878344074,0.7697721179624665,0.7917959324370907,0.7806287170773152,2297,687,604,0.07145598280758308
2026,10,0.673790969288498,0.0005,0.685766339302063,0.9165439371624938,0.6435711823509135,0.7561765897124342,0.9079704190632704,0.7618062736987246,0.8284910965323337,2210,224,691,0.03799217131015427
2026,11,0.6716626727355481,0.0005,0.740427553653717,0.9329268292682927,0.6328852119958635,0.754158964879852,0.9233749461902712,0.7394002068252327,0.8212098009188361,2145,178,756,0.03331030777496354
2026,12,0.6672513854363489,0.0005,0.6542615294456482,0.8960229995208433,0.6446053085143054,0.7497995188452286,0.8806324110671937,0.7680110306790762,0.8204750506352422,2228,302,673,0.040371479008365956
2026,13,0.6635443060539121,0.0005,0.5986175537109375,0.8946113495469719,0.6466735608410893,0.7507002801120449,0.8785880527540729,0.7807652533609101,0.8267932104398613,2265,313,636,0.04167626064932074
2026,14,0.6593785856266744,0.0005,0.7176718711853027,0.8925097276264592,0.6325405032747329,0.7403671575549727,0.8784552845528455,0.744915546363323,0.8061928744637195,2161,299,740,0.03845268247755008
2026,15,0.6558894070466155,0.0005,0.6460697650909424,0.8954501452081317,0.6377111340916926,0.7449164485604993,0.879951980792317,0.7580144777662875,0.8144444444444444,2199,300,702,0.03898994550617853
2026,16,0.6504451100174597,0.0005,0.7495392560958862,0.918041237113402,0.613926232333678,0.7357983887626524,0.9037456445993032,0.7152705963460876,0.7985376178564556,2075,221,826,0.0312380075216824
2026,17,0.6455915388291938,0.0005,0.797978401184082,0.8976930792377131,0.6170286108238539,0.7313585291113381,0.8862172606268784,0.7114788004136504,0.7892925430210325,2064,265,837,0.03377081894235935
2026,18,0.6432946528760412,0.0005,0.7288349866867065,0.8796660117878192,0.6173733195449845,0.7255418270204578,0.8650990099009901,0.7228541882109617,0.7876056338028169,2097,327,804,0.036303630363036306
2026,19,0.6399829449634356,0.0005,0.6921718716621399,0.8566713814238567,0.6263357462943813,0.7236160892074871,0.8176006017299736,0.7493967597380213,0.7820143884892087,2174,485,727,0.04382531276383452
2026,20,0.6337006843479831,0.00025,0.7031816244125366,0.8748144482929243,0.6094450189589796,0.7184071515644046,0.8383353341336535,0.7221647707687004,0.7759259259259259,2095,404,806,0.03615012664057103
2026,21,0.6314993872034208,0.00025,0.6519660353660583,0.8698795180722891,0.6221992416408135,0.7254823151125401,0.8232611174458381,0.7466390899689762,0.7830802603036876,2166,465,735,0.040831990175761765
2026,22,0.6290724928286214,0.00025,0.6736692786216736,0.8836185819070904,0.6228886590830748,0.7306914678528103,0.8453364817001181,0.7404343329886246,0.7894156560088202,2148,393,753,0.036303630363036306
2026,23,0.6263145087321045,0.00025,0.677918016910553,0.8792079207920792,0.6122026887280249,0.7218045112781956,0.8264751552795031,0.7338848672871424,0.7774329012232974,2129,447,772,0.03806892317138691
2026,24,0.6243757785384836,0.00025,0.7178048491477966,0.880648330058939,0.6180627369872458,0.7263520356491797,0.829655439411537,0.7387107893829714,0.7815463165572575,2143,440,758,0.037915419448921635
2026,25,0.6215355277313283,0.00025,0.7330601215362549,0.887056471764118,0.6118579800068942,0.7241942064463484,0.8464947622884771,0.7242330230954843,0.7806056102545049,2101,381,800,0.035536111750709955
2026,26,0.6189711192659733,0.00025,0.7124878168106079,0.8824110671936759,0.6156497759393312,0.7252791878172589,0.8284714119019837,0.734229576008273,0.7785087719298246,2130,441,771,0.037454908281525826
2026,27,0.6167893231812862,0.00025,0.7057192325592041,0.8809643395278755,0.6046190968631506,0.7170891251022077,0.8302261007536692,0.7214753533264392,0.7720398376982663,2093,428,808,0.03576636733440786
2026,28,0.6179153837707005,0.00025,0.6850115060806274,0.8839153959665519,0.6194415718717684,0.7284150790433725,0.8318515655199072,0.7418131678731472,0.7842565597667639,2152,435,749,0.0376084120039911
2026,29,0.6125630135979835,0.00025,0.6792580485343933,0.8769607843137255,0.6166839021027232,0.7241449099372596,0.8204252088078967,0.744915546363323,0.7808491418247516,2161,473,740,0.03891319364494589
