path,bytes,sha256
PROVENANCE.json,7438,77ec7c4aaac08c839338327d82a2c632cf28ac7ca7b54061ae195776b1817a07
analysis_completion_manifest.json,3319,54dd588b90dd93d9c1efe3dc72eb4dd8128719f4d5624b56a02b985a3626ecdb
analysis_scope_prediction_lock.json,10190,9f9bea2237975463dc0719fc7b07ab396bcd584b36c4fdccf0627bc19366df53
budget_selector_comparison.json,566240,cec069cc65cc64dc4db5dcc44e543eb2ff547941c5abc2721db8290e2c5a8d39
diagnostic_attempts_archive.json,6317,e1bbe1892a1aa619885ba9a93b34ef4c37cf1a7645b93604a4dec5884dbf1809
epoch_history.csv,18025,b7bc3dbb64525ae0d21dd8ebcb13fb676c39fde7aac1417ed73298952ca4b315
historical_detector_19.csv,2550,e80e4c1b9015f161115e0f0ce1089acc2969052e17fa12bee23568914070e36a
historical_failure_40.csv,2030,6b17fde8b8de0c7e6221ce970a77998edc5e4e5a9c501af47e6905624892be4a
historical_rca_e2e_40.csv,14289,5e5650fa651c6f3e94e3c3df35bc3ee7bf187babe9ab0e48fdd178c4b068ca3c
historical_strata_40.csv,49009,2611d227da2718aac02f9d2a0484b75bd055ffcc7b0c9a90362a7d1674721e80
render_manifest.json,2958,f770e99a3753416771bc59ad5b53609572c656b8ef891fbc76e82ae3649bde47
seed17_completion_manifest.json,11355,81e6a162ba74a59492a1020406ca10e0038bd8897f2ffc22b2cf507e5b9d6b1e
seed17_prefix_control_selection.json,38382,c13c37cb0672a0fd8929bc1806c3750c5cac43d08b70d29dec4b6d1ff7b968a0
seed17_real_window_causality_gate.json,639,833bbef252e885e1eb98ce48208c6d9f75b99708c43f9a7f509b422f50bc8332
seed2026_completion_manifest.json,11355,b52edee9a32df50e302b2026dc4cca8429124f7c77ff5e9462f380a48fb3c4e2
seed2026_prefix_control_selection.json,35210,d3d51d8a9caecc6360dae916731f3c00724ca606848220aebaaa48b04e42f87a
seed2026_real_window_causality_gate.json,640,3b66255f7d02cb8da06f040895258a15f8ab4c9d163db6957dc72b683cdb1b8e
seed42_completion_manifest.json,11355,3714844941b27078a70753e74b4ad73e72748f17fe635be8a241046af067c732
seed42_prefix_control_selection.json,35241,6df13e14da9e4307803fb02421bda11c304a1747885c18522609ee6353018b37
seed42_real_window_causality_gate.json,640,3b66255f7d02cb8da06f040895258a15f8ab4c9d163db6957dc72b683cdb1b8e
selected_bin_results.csv,1358,256bdd5f42f2b5349cb57e46c904339c3acb93ebd33a49168b6533c5394fab55
training_budget_curves.png,312670,6c3fb41897cef696fcafa8bc26333cf7d5f6c669c67fb5f5a3eccb788243978a
training_budget_curves.svg,165595,2b719d4cf442ab46cd471cf1752b86ddff40cb224e39851285261a4882e63c1a
