seed,role,selected_epoch_index,threshold,tp,fp,fn,precision,recall,f1,passed,failed_gates
42,budget,1,0.3542259931564331,2625,3776,276,0.4100921730979534,0.9048603929679421,0.5643947538163836,False,"f1_gain,precision_floor"
42,control,1,0.3542259931564331,2625,3776,276,0.4100921730979534,0.9048603929679421,0.5643947538163836,False,"f1_gain,precision_floor"
42,selector_candidate,9,0.7773941159248352,2208,394,693,0.8485780169100692,0.7611168562564633,0.8024713792476831,False,"f1_gain,first_half,precision_floor,recall_gain"
17,budget,2,0.7581999897956848,2562,2337,339,0.5229638701775873,0.8831437435367114,0.6569230769230769,False,"f1_gain,precision_floor"
17,control,2,0.7581999897956848,2562,2337,339,0.5229638701775873,0.8831437435367114,0.6569230769230769,False,"f1_gain,precision_floor"
17,selector_candidate,1,0.9289164543151855,2423,51,478,0.9793856103476152,0.8352292312995518,0.9015813953488372,False,precision_floor
2026,budget,1,0.6998756527900696,2540,507,361,0.8336068263866098,0.8755601516718373,0.8540685944855414,False,"f1_gain,precision_floor"
2026,control,1,0.6998756527900696,2540,507,361,0.8336068263866098,0.8755601516718373,0.8540685944855414,False,"f1_gain,precision_floor"
2026,selector_candidate,1,0.6998756527900696,2540,507,361,0.8336068263866098,0.8755601516718373,0.8540685944855414,False,"f1_gain,precision_floor"
