dimension,group,n,detected_mean,detected_min,detected_max,top1_mean,top1_min,top1_max,top3_mean,top5_mean,detector_recall_mean,e2e_recall_at_1_mean
fault_type,access_permission_denied,5,2.1,0,5,1.3,0,3,1.7,2.1,0.42000000000000004,0.26
fault_type,cpu_anomalies,12,1.0,1,1,0.0,0,0,0.0,0.0,0.08333333333333333,0.0
fault_type,file_moving,16,10.6,7,16,4.0,2,7,10.6,10.6,0.6625,0.25
fault_type,login_failure,5546,4989.6,4711,5156,4524.6,4266,4663,4987.1,4987.4,0.8996754417598268,0.8158312297151099
fault_type,memory_anomalies,204,35.7,32,38,4.4,3,5,28.8,31.7,0.175,0.021568627450980392
fault_type,normal_memory_freed,4,0.0,0,0,0.0,0,0,0.0,0.0,0.0,0.0
service,dbservice1,33,6.7,4,8,0.4,0,1,3.8,5.7,0.20303030303030303,0.012121212121212121
service,dbservice2,32,8.6,6,12,0.9,0,2,5.5,5.9,0.26875,0.028125
service,logservice1,18,1.9,1,2,0.0,0,0,1.9,1.9,0.10555555555555556,0.0
service,logservice2,20,2.0,2,2,0.0,0,0,1.0,2.0,0.1,0.0
service,mobservice1,2799,2505.0,2354,2593,2287.8,2155,2360,2503.5,2503.8,0.894962486602358,0.817363344051447
service,mobservice2,2787,2490.8,2363,2569,2241.2,2115,2308,2489.8,2489.8,0.8937208467886617,0.8041621815572301
service,redisservice1,20,4.3,4,5,0.0,0,0,4.0,4.0,0.215,0.0
service,redisservice2,18,5.0,5,5,0.0,0,0,5.0,5.0,0.2777777777777778,0.0
service,webservice1,30,7.8,6,10,3.0,2,4,6.8,6.8,0.26,0.1
service,webservice2,30,6.9,5,11,1.0,0,3,6.9,6.9,0.22999999999999998,0.03333333333333334
