seed,dimension,group,n,detected,legal_matched,top1,top3,top5,detector_recall,e2e_recall_at_1,matched_ac_at_1
1,fault_type,access_permission_denied,5,0,0,0,0,0,0.0,0.0,
1,fault_type,cpu_anomalies,12,1,1,0,0,0,0.08333333333333333,0.0,0.0
1,fault_type,file_moving,16,7,7,2,7,7,0.4375,0.125,0.2857142857142857
1,fault_type,login_failure,5546,5121,5118,4634,5118,5118,0.923368193292463,0.8355571583122972,0.905431809300508
1,fault_type,memory_anomalies,204,36,36,4,29,32,0.17647058823529413,0.0196078431372549,0.1111111111111111
1,fault_type,normal_memory_freed,4,0,0,0,0,0,0.0,0.0,
1,service,dbservice1,33,6,6,0,3,5,0.18181818181818182,0.0,0.0
1,service,dbservice2,32,8,8,0,5,5,0.25,0.0,0.0
1,service,logservice1,18,2,2,0,2,2,0.1111111111111111,0.0,0.0
1,service,logservice2,20,2,2,0,1,2,0.1,0.0,0.0
1,service,mobservice1,2799,2575,2573,2345,2573,2573,0.9199714183637013,0.8377992140050018,0.9113874854255732
1,service,mobservice2,2787,2552,2551,2293,2551,2551,0.9156799425905993,0.8227484750627916,0.8988631909055272
1,service,redisservice1,20,4,4,0,4,4,0.2,0.0,0.0
1,service,redisservice2,18,5,5,0,5,5,0.2777777777777778,0.0,0.0
1,service,webservice1,30,6,6,2,5,5,0.2,0.06666666666666667,0.3333333333333333
1,service,webservice2,30,5,5,0,5,5,0.16666666666666666,0.0,0.0
2,fault_type,access_permission_denied,5,0,0,0,0,0,0.0,0.0,
2,fault_type,cpu_anomalies,12,1,1,0,0,0,0.08333333333333333,0.0,0.0
2,fault_type,file_moving,16,7,7,2,7,7,0.4375,0.125,0.2857142857142857
2,fault_type,login_failure,5546,5056,5054,4575,5054,5054,0.9116480346195456,0.8249188604399568,0.9052235852789869
2,fault_type,memory_anomalies,204,36,36,5,29,32,0.17647058823529413,0.024509803921568627,0.1388888888888889
2,fault_type,normal_memory_freed,4,0,0,0,0,0,0.0,0.0,
2,service,dbservice1,33,6,6,0,3,5,0.18181818181818182,0.0,0.0
2,service,dbservice2,32,7,7,0,4,4,0.21875,0.0,0.0
2,service,logservice1,18,2,2,0,2,2,0.1111111111111111,0.0,0.0
2,service,logservice2,20,2,2,0,1,2,0.1,0.0,0.0
2,service,mobservice1,2799,2532,2531,2308,2531,2531,0.9046087888531619,0.8245802072168632,0.9118925325958119
2,service,mobservice2,2787,2531,2530,2272,2530,2530,0.9081449587369932,0.8152134912091855,0.8980237154150198
2,service,redisservice1,20,4,4,0,4,4,0.2,0.0,0.0
2,service,redisservice2,18,5,5,0,5,5,0.2777777777777778,0.0,0.0
2,service,webservice1,30,6,6,2,5,5,0.2,0.06666666666666667,0.3333333333333333
2,service,webservice2,30,5,5,0,5,5,0.16666666666666666,0.0,0.0
3,fault_type,access_permission_denied,5,5,5,3,4,5,1.0,0.6,0.6
3,fault_type,cpu_anomalies,12,1,1,0,0,0,0.08333333333333333,0.0,0.0
3,fault_type,file_moving,16,16,16,7,16,16,1.0,0.4375,0.4375
3,fault_type,login_failure,5546,5046,5044,4570,5044,5044,0.9098449332852506,0.8240173097728092,0.9060269627279937
3,fault_type,memory_anomalies,204,37,37,5,29,32,0.18137254901960784,0.024509803921568627,0.13513513513513514
3,fault_type,normal_memory_freed,4,0,0,0,0,0,0.0,0.0,
3,service,dbservice1,33,7,7,1,4,6,0.21212121212121213,0.030303030303030304,0.14285714285714285
3,service,dbservice2,32,10,10,2,6,7,0.3125,0.0625,0.2
3,service,logservice1,18,2,2,0,2,2,0.1111111111111111,0.0,0.0
3,service,logservice2,20,2,2,0,1,2,0.1,0.0,0.0
3,service,mobservice1,2799,2534,2533,2311,2533,2533,0.9053233297606288,0.8256520185780636,0.9123568890643505
3,service,mobservice2,2787,2519,2518,2264,2518,2518,0.9038392536777897,0.8123430211697166,0.8991262907069102
3,service,redisservice1,20,5,5,0,4,4,0.25,0.0,0.0
3,service,redisservice2,18,5,5,0,5,5,0.2777777777777778,0.0,0.0
3,service,webservice1,30,10,10,4,9,9,0.3333333333333333,0.13333333333333333,0.4
3,service,webservice2,30,11,11,3,11,11,0.36666666666666664,0.1,0.2727272727272727
4,fault_type,access_permission_denied,5,0,0,0,0,0,0.0,0.0,
4,fault_type,cpu_anomalies,12,1,1,0,0,0,0.08333333333333333,0.0,0.0
4,fault_type,file_moving,16,7,7,2,7,7,0.4375,0.125,0.2857142857142857
4,fault_type,login_failure,5546,4711,4710,4266,4710,4710,0.8494410385863685,0.7692030292102416,0.9057324840764331
4,fault_type,memory_anomalies,204,32,32,4,27,29,0.1568627450980392,0.0196078431372549,0.125
4,fault_type,normal_memory_freed,4,0,0,0,0,0,0.0,0.0,
4,service,dbservice1,33,4,4,0,2,3,0.12121212121212122,0.0,0.0
4,service,dbservice2,32,6,6,0,4,4,0.1875,0.0,0.0
4,service,logservice1,18,2,2,0,2,2,0.1111111111111111,0.0,0.0
4,service,logservice2,20,2,2,0,1,2,0.1,0.0,0.0
4,service,mobservice1,2799,2354,2354,2155,2354,2354,0.841014648088603,0.7699178277956413,0.9154630416312659
4,service,mobservice2,2787,2363,2362,2115,2362,2362,0.847865087908145,0.7588805166846071,0.8954276037256562
4,service,redisservice1,20,4,4,0,4,4,0.2,0.0,0.0
4,service,redisservice2,18,5,5,0,5,5,0.2777777777777778,0.0,0.0
4,service,webservice1,30,6,6,2,5,5,0.2,0.06666666666666667,0.3333333333333333
4,service,webservice2,30,5,5,0,5,5,0.16666666666666666,0.0,0.0
5,fault_type,access_permission_denied,5,0,0,0,0,0,0.0,0.0,
5,fault_type,cpu_anomalies,12,1,1,0,0,0,0.08333333333333333,0.0,0.0
5,fault_type,file_moving,16,11,11,5,11,11,0.6875,0.3125,0.45454545454545453
5,fault_type,login_failure,5546,4780,4779,4388,4779,4779,0.861882437793004,0.7912008654886404,0.9181837204436074
5,fault_type,memory_anomalies,204,35,35,4,29,32,0.1715686274509804,0.0196078431372549,0.11428571428571428
5,fault_type,normal_memory_freed,4,0,0,0,0,0,0.0,0.0,
5,service,dbservice1,33,8,8,0,5,7,0.24242424242424243,0.0,0.0
5,service,dbservice2,32,6,6,0,4,4,0.1875,0.0,0.0
5,service,logservice1,18,1,1,0,1,1,0.05555555555555555,0.0,0.0
5,service,logservice2,20,2,2,0,1,2,0.1,0.0,0.0
5,service,mobservice1,2799,2399,2399,2219,2399,2399,0.8570918185066095,0.7927831368345838,0.924968736973739
5,service,mobservice2,2787,2387,2386,2173,2386,2386,0.8564764980265519,0.7796914244707571,0.9107292539815591
5,service,redisservice1,20,4,4,0,4,4,0.2,0.0,0.0
5,service,redisservice2,18,5,5,0,5,5,0.2777777777777778,0.0,0.0
5,service,webservice1,30,8,8,4,7,7,0.26666666666666666,0.13333333333333333,0.5
5,service,webservice2,30,7,7,1,7,7,0.23333333333333334,0.03333333333333333,0.14285714285714285
6,fault_type,access_permission_denied,5,5,5,3,4,5,1.0,0.6,0.6
6,fault_type,cpu_anomalies,12,1,1,0,0,0,0.08333333333333333,0.0,0.0
6,fault_type,file_moving,16,15,15,7,15,15,0.9375,0.4375,0.4666666666666667
6,fault_type,login_failure,5546,5124,5121,4642,5120,5121,0.9239091236927516,0.8369996393797331,0.9064635813317712
6,fault_type,memory_anomalies,204,38,38,5,30,33,0.18627450980392157,0.024509803921568627,0.13157894736842105
6,fault_type,normal_memory_freed,4,0,0,0,0,0,0.0,0.0,
6,service,dbservice1,33,8,8,1,5,7,0.24242424242424243,0.030303030303030304,0.125
6,service,dbservice2,32,12,12,2,8,9,0.375,0.0625,0.16666666666666666
6,service,logservice1,18,2,2,0,2,2,0.1111111111111111,0.0,0.0
6,service,logservice2,20,2,2,0,1,2,0.1,0.0,0.0
6,service,mobservice1,2799,2580,2578,2352,2577,2578,0.9217577706323687,0.8403001071811361,0.9123351435221102
6,service,mobservice2,2787,2550,2549,2295,2549,2549,0.9149623250807319,0.8234660925726588,0.9003530796390742
6,service,redisservice1,20,5,5,0,4,4,0.25,0.0,0.0
6,service,redisservice2,18,5,5,0,5,5,0.2777777777777778,0.0,0.0
6,service,webservice1,30,10,10,4,9,9,0.3333333333333333,0.13333333333333333,0.4
6,service,webservice2,30,9,9,3,9,9,0.3,0.1,0.3333333333333333
7,fault_type,access_permission_denied,5,1,1,1,1,1,0.2,0.2,1.0
7,fault_type,cpu_anomalies,12,1,1,0,0,0,0.08333333333333333,0.0,0.0
7,fault_type,file_moving,16,10,10,4,10,10,0.625,0.25,0.4
7,fault_type,login_failure,5546,4740,4739,4321,4739,4739,0.8546700324558241,0.779120086548864,0.9117957374973623
7,fault_type,memory_anomalies,204,34,34,4,28,31,0.16666666666666666,0.0196078431372549,0.11764705882352941
7,fault_type,normal_memory_freed,4,0,0,0,0,0,0.0,0.0,
7,service,dbservice1,33,6,6,0,3,5,0.18181818181818182,0.0,0.0
7,service,dbservice2,32,7,7,1,5,5,0.21875,0.03125,0.14285714285714285
7,service,logservice1,18,2,2,0,2,2,0.1111111111111111,0.0,0.0
7,service,logservice2,20,2,2,0,1,2,0.1,0.0,0.0
7,service,mobservice1,2799,2383,2383,2190,2383,2383,0.8513754912468738,0.782422293676313,0.9190096516995384
7,service,mobservice2,2787,2363,2362,2135,2362,2362,0.847865087908145,0.7660566917832795,0.9038950042337003
7,service,redisservice1,20,4,4,0,4,4,0.2,0.0,0.0
7,service,redisservice2,18,5,5,0,5,5,0.2777777777777778,0.0,0.0
7,service,webservice1,30,8,8,4,7,7,0.26666666666666666,0.13333333333333333,0.5
7,service,webservice2,30,6,6,0,6,6,0.2,0.0,0.0
8,fault_type,access_permission_denied,5,5,5,3,4,5,1.0,0.6,0.6
8,fault_type,cpu_anomalies,12,1,1,0,0,0,0.08333333333333333,0.0,0.0
8,fault_type,file_moving,16,10,10,2,10,10,0.625,0.125,0.2
8,fault_type,login_failure,5546,5050,5047,4559,5046,5047,0.9105661738189686,0.8220338983050848,0.9033088963740836
8,fault_type,memory_anomalies,204,35,35,3,28,31,0.1715686274509804,0.014705882352941176,0.08571428571428572
8,fault_type,normal_memory_freed,4,0,0,0,0,0,0.0,0.0,
8,service,dbservice1,33,8,8,1,5,7,0.24242424242424243,0.030303030303030304,0.125
8,service,dbservice2,32,11,11,2,7,8,0.34375,0.0625,0.18181818181818182
8,service,logservice1,18,2,2,0,2,2,0.1111111111111111,0.0,0.0
8,service,logservice2,20,2,2,0,1,2,0.1,0.0,0.0
8,service,mobservice1,2799,2531,2529,2298,2528,2529,0.9042515183994284,0.8210075026795284,0.9086595492289442
8,service,mobservice2,2787,2524,2523,2264,2523,2523,0.9056332974524578,0.8123430211697166,0.8973444312326595
8,service,redisservice1,20,4,4,0,4,4,0.2,0.0,0.0
8,service,redisservice2,18,5,5,0,5,5,0.2777777777777778,0.0,0.0
8,service,webservice1,30,8,8,2,7,7,0.26666666666666666,0.06666666666666667,0.25
8,service,webservice2,30,6,6,0,6,6,0.2,0.0,0.0
9,fault_type,access_permission_denied,5,5,5,3,4,5,1.0,0.6,0.6
9,fault_type,cpu_anomalies,12,1,1,0,0,0,0.08333333333333333,0.0,0.0
9,fault_type,file_moving,16,16,16,7,16,16,1.0,0.4375,0.4375
9,fault_type,login_failure,5546,5156,5153,4663,5152,5153,0.9296790479624955,0.8407861521817526,0.9049097613040947
9,fault_type,memory_anomalies,204,37,37,5,29,32,0.18137254901960784,0.024509803921568627,0.13513513513513514
9,fault_type,normal_memory_freed,4,0,0,0,0,0,0.0,0.0,
9,service,dbservice1,33,8,8,1,5,7,0.24242424242424243,0.030303030303030304,0.125
9,service,dbservice2,32,11,11,2,7,8,0.34375,0.0625,0.18181818181818182
9,service,logservice1,18,2,2,0,2,2,0.1111111111111111,0.0,0.0
9,service,logservice2,20,2,2,0,1,2,0.1,0.0,0.0
9,service,mobservice1,2799,2593,2591,2360,2590,2591,0.9264022865309038,0.8431582708110039,0.9108452335005789
9,service,mobservice2,2787,2569,2568,2308,2568,2568,0.9217796914244708,0.8281306063867958,0.8987538940809969
9,service,redisservice1,20,5,5,0,4,4,0.25,0.0,0.0
9,service,redisservice2,18,5,5,0,5,5,0.2777777777777778,0.0,0.0
9,service,webservice1,30,10,10,4,9,9,0.3333333333333333,0.13333333333333333,0.4
9,service,webservice2,30,10,10,3,10,10,0.3333333333333333,0.1,0.3
10,fault_type,access_permission_denied,5,0,0,0,0,0,0.0,0.0,
10,fault_type,cpu_anomalies,12,1,1,0,0,0,0.08333333333333333,0.0,0.0
10,fault_type,file_moving,16,7,7,2,7,7,0.4375,0.125,0.2857142857142857
10,fault_type,login_failure,5546,5112,5109,4628,5109,5109,0.9217454020915975,0.8344752975117201,0.905852417302799
10,fault_type,memory_anomalies,204,37,37,5,30,33,0.18137254901960784,0.024509803921568627,0.13513513513513514
10,fault_type,normal_memory_freed,4,0,0,0,0,0,0.0,0.0,
10,service,dbservice1,33,6,6,0,3,5,0.18181818181818182,0.0,0.0
10,service,dbservice2,32,8,8,0,5,5,0.25,0.0,0.0
10,service,logservice1,18,2,2,0,2,2,0.1111111111111111,0.0,0.0
10,service,logservice2,20,2,2,0,1,2,0.1,0.0,0.0
10,service,mobservice1,2799,2569,2567,2340,2567,2567,0.9178277956413005,0.8360128617363344,0.9115699259836385
10,service,mobservice2,2787,2550,2549,2293,2549,2549,0.9149623250807319,0.8227484750627916,0.8995684582189094
10,service,redisservice1,20,4,4,0,4,4,0.2,0.0,0.0
10,service,redisservice2,18,5,5,0,5,5,0.2777777777777778,0.0,0.0
10,service,webservice1,30,6,6,2,5,5,0.2,0.06666666666666667,0.3333333333333333
10,service,webservice2,30,5,5,0,5,5,0.16666666666666666,0.0,0.0
