split,pseudo_onset_ms,metric_mean_abs,metric_max_abs,log_mean_abs,log_max_abs,trace_mean_abs,trace_max_abs
fit,1625135775000,0.018843276519324565,0.8222494833171368,0.011680224165320396,0.45815688371658325,0.009357425104826688,0.6098533272743225
fit,1625138055000,0.020402317529696273,0.8677552342414856,0.008535240963101386,0.218104287981987,0.007366700703278184,0.4687442183494568
fit,1625141745000,0.017263101896238215,0.7382424026727676,0.019752209167927505,0.3456871211528778,0.009081802149303257,0.35705071687698364
fit,1625144025000,0.020180086271562914,0.5629903078079224,0.01178416251204908,0.3456871062517166,0.007088010748848319,0.6789392232894897
fit,1625147865000,0.01730169676841721,0.5278822481632233,0.01200496437959373,0.218104287981987,0.005695544611662626,0.2849648892879486
fit,1625155695000,0.017142096012071305,0.5477237589657307,0.010236043203622102,0.20710909366607666,0.007839278508909047,0.3791808784008026
fit,1625177085000,0.014764570734064364,0.2957019954919815,0.010179559234529734,0.3821229338645935,0.006757812672294677,0.41628965735435486
fit,1625180565000,0.021108772798271502,0.7223920226097107,0.010578663414344191,0.218104287981987,0.00666813317220658,0.35705071687698364
fit,1625184555000,0.018832261375141948,0.6419955790042877,0.01721336957998574,0.3811941146850586,0.00772124086972326,0.4977022781968117
fit,1625184615000,0.020691970279051473,0.87094946205616,0.009746863273903728,0.23337793350219727,0.006890081609599292,0.4283173382282257
fit,1625188335000,0.024487341115367656,0.7044835984706879,0.0148827507160604,0.2818957045674324,0.008254025229252875,0.41628965735435486
fit,1625189715000,0.024098066954801805,0.483957976102829,0.02321290234103799,0.3821229338645935,0.014650187375955283,0.5556496977806091
fit,1625189745000,0.022595184036716395,0.44900277256965637,0.024592226650565863,0.3821229338645935,0.015334610217250884,0.6066853851079941
fit,1625196375000,0.011092195046228426,0.3543609231710434,0.012727055419236421,0.3821229338645935,0.009228389589115977,0.5578858852386475
fit,1625198475000,0.008948075888546706,0.4000000059604645,0.014669079473242164,0.321207731962204,0.007992587499320507,0.39699095487594604
fit,1625217975000,0.011141110990251946,0.5710163600742817,0.013250575866550207,0.23337793350219727,0.010580072300508619,0.4499012529850006
fit,1625222505000,0.010441892449872132,0.3748103380203247,0.020133606251329185,0.2818957045674324,0.008876079069450498,0.4417697489261627
fit,1625224215000,0.007675852836932033,0.4000000059604645,0.010955567145720125,0.2818957045674324,0.00972113557625562,0.41628965735435486
fit,1625231115000,0.01007224991116497,0.44935421645641327,0.01007786151021719,0.22063535451889038,0.009672353081405162,0.41628965735435486
fit,1625232795000,0.009220740434390489,0.4813379943370819,0.01431809114292264,0.22265660762786865,0.006280931867659092,0.4495210647583008
fit,1625253705000,0.0,0.0,0.010325072938576341,0.2883181720972061,0.007969697276130318,0.4184144139289856
fit,1625253975000,0.0,0.0,0.017754017608240247,0.30096369981765747,0.008214768785983324,0.4018877148628235
fit,1625260455000,0.0,0.0,0.012804834078997374,0.3456871211528778,0.007060892961453647,0.39397430419921875
fit,1625261595000,0.0,0.0,0.00814229971729219,0.218104287981987,0.0060677087865769865,0.35705071687698364
fit,1625276055000,0.0,0.0,0.009743864182382822,0.3533506691455841,0.007844532621093095,0.525299072265625
fit,1625286255000,0.02915887363041444,0.9333333373069763,0.01217980394139886,0.3456871211528778,0.009594158395193517,0.5175526440143585
fit,1625287815000,0.004664441841528818,0.46614986658096313,0.018754119472578167,0.45815688371658325,0.010322069758549332,0.4417697489261627
fit,1625292645000,0.003251004206200984,0.4005248248577118,0.010450828447937965,0.28906479477882385,0.006712220935150981,0.4283173382282257
fit,1625292675000,0.0031438943809310635,0.20000000298023224,0.0063748079352080825,0.28906479477882385,0.006765627507120371,0.4283173382282257
fit,1625293455000,0.002172921792661479,0.17261625826358795,0.013064402155578136,0.3456871211528778,0.007903030063025653,0.6098533272743225
fit,1625294415000,0.0031274102651157893,0.20484239608049393,0.012454539630562067,0.4201399087905884,0.007771933828480542,0.4283173382282257
fit,1625299815000,0.006651950391176342,0.30000000447034836,0.011295612016692758,0.3381841778755188,0.008861692165955901,0.35705071687698364
fit,1625299965000,0.005021159311032382,0.207387775182724,0.007662480976432562,0.14031982421875,0.009406661735847593,0.4283173382282257
fit,1625300085000,0.005843917814134633,0.32745298743247986,0.01463308809325099,0.3821229338645935,0.00770426410716027,0.41628965735435486
fit,1625308965000,0.008561017234829176,0.49089107289910316,0.015377010591328144,0.32881224155426025,0.009088102048262953,0.3305842876434326
fit,1625315415000,0.006727224379085328,0.42821839451789856,0.006848482694476843,0.218104287981987,0.006891939076595009,0.41628965735435486
fit,1625319825000,0.006470209727254428,0.4279542900621891,0.01019474696367979,0.23337793350219727,0.007490116697736085,0.44211411476135254
fit,1625319885000,0.009560565012289619,0.40000002086162567,0.01706188414245844,0.2896330654621124,0.008407114786095918,0.44211411476135254
fit,1625320665000,0.008032212597474124,0.532910049892962,0.013429019507020712,0.43359723687171936,0.008746351865120232,0.35541805624961853
fit,1625325585000,0.014291536787887556,0.44940076768398285,0.015689968317747115,0.2245267555117607,0.007581523698754609,0.3112346827983856
fit,1625328945000,0.008992818015371995,0.5277796587906778,0.010231496905907989,0.3456871211528778,0.00908704319037497,0.4283173382282257
fit,1625345655000,0.013595804602852013,0.50642004981637,0.014316890342161059,0.2818957045674324,0.008010010747238994,0.35541805624961853
fit,1625347755000,0.010379972354403815,0.37142857909202576,0.012174875289201737,0.3456871211528778,0.007897337973117828,0.2936464250087738
fit,1625354415000,0.014628806128945371,0.5251000225543976,0.010622688755393028,0.26122137904167175,0.007131149098277092,0.27894294261932373
fit,1625363115000,0.008295276086990573,0.28149382025003433,0.014528995845466852,0.5224427580833435,0.007827641987241805,0.4283173382282257
fit,1625369985000,0.010277292213165387,0.43603115528821945,0.009611461218446493,0.4902998208999634,0.006331346374936402,0.3877619504928589
fit,1625377575000,0.006491585477090211,0.3578197956085205,0.009707004018127918,0.218104287981987,0.007128511634655297,0.4283173382282257
fit,1625384595000,0.008382186420442394,0.38157138228416443,0.01103644846007228,0.218104287981987,0.010318793943151832,0.525299072265625
fit,1625387835000,0.005631311443103944,0.34601687639951706,0.00893100849352777,0.3456871211528778,0.008162174005992711,0.39397430419921875
fit,1625402835000,0.0037409441847709485,0.29999999701976776,0.01092106350697577,0.3456871211528778,0.006771945431828499,0.28983093798160553
fit,1625409705000,0.004961304628902023,0.48571430146694183,0.011319916695356369,0.3909478485584259,0.0067683253437280655,0.35541805624961853
fit,1625415015000,0.00569470416759259,0.48039332032203674,0.011534973606467247,0.28906479477882385,0.010094939079135657,0.6227211728692055
fit,1625420535000,0.006944607617742804,0.27785077691078186,0.009447843162342906,0.218104287981987,0.009676264505833388,0.6035679504275322
fit,1625420655000,0.007270250442275028,0.44916898012161255,0.007775747077539563,0.2883181720972061,0.008475060411728918,0.5404763221740723
fit,1625420835000,0.005477331410778182,0.2507580816745758,0.008140010759234428,0.2130308449268341,0.007257478316314518,0.29319825768470764
fit,1625420955000,0.005531708124567558,0.2556420862674713,0.014629991771653295,0.3456871211528778,0.009268481130711735,0.35541805624961853
fit,1625422965000,0.008120673027879851,0.5216217115521431,0.008670257404446602,0.3821229338645935,0.006768848965875805,0.4283173382282257
fit,1625427525000,0.0,0.0,0.010842515807598829,0.2907952666282654,0.007934512654319405,0.5404763221740723
fit,1625428455000,0.0,0.0,0.012051684595644475,0.218104287981987,0.009921464473009109,0.4283173382282257
fit,1625432325000,0.0,0.0,0.010207730066031217,0.2883181720972061,0.009309707479551434,0.49235451221466064
fit,1625432625000,0.0,0.0,0.01259128744713962,0.3456871211528778,0.008069139467552304,0.4283173382282257
fit,1625439645000,0.0,0.0,0.012654900271445512,0.436208575963974,0.008604719513095915,0.44211411476135254
fit,1625439825000,0.0,0.0,0.010033694189041853,0.3456871211528778,0.007345327539369464,0.44211411476135254
fit,1625442015000,0.0,0.0,0.012755921157076956,0.29165512323379517,0.008428239999338984,0.42985934019088745
fit,1625451195000,0.0,0.0,0.016725593153387307,0.28906482458114624,0.009116008616983891,0.3461897075176239
fit,1625452635000,0.0,0.0,0.01936549716629088,0.2366349771618843,0.012022499172016978,0.4585898816585541
fit,1625452695000,0.0,0.0,0.008566120034083724,0.251047819852829,0.010597562436014413,1.0
fit,1625460165000,0.0,0.0,0.011597506981343032,0.3456871211528778,0.009252476934343577,0.3741306811571121
fit,1625460315000,0.0,0.0,0.012922718934714795,0.3973703160881996,0.008507323618978262,0.6098533272743225
fit,1625467545000,0.0,0.0,0.011519061867147684,0.3456871062517166,0.009822513009421528,0.5578858852386475
fit,1625471535000,0.017368142517371628,0.5168089419603348,0.008727281959727407,0.22907845675945282,0.007656825439771637,0.525299072265625
fit,1625474895000,0.0212870401345981,0.7594902440905571,0.009771870356053114,0.2551656663417816,0.010711184520041571,0.42871465533971786
fit,1625475105000,0.014057657822290064,0.3834499418735504,0.012013760115951299,0.20763900876045227,0.011920634724665433,0.4283173382282257
fit,1625475165000,0.01686543421158338,0.40000002086162567,0.009115508385002613,0.6246587038040161,0.009012448239373043,0.47753148153424263
fit,1625475195000,0.015852583988692003,0.40000002086162567,0.00757771460339427,0.1607353389263153,0.011668697445420548,0.4930541068315506
fit,1625475225000,0.014944470560758797,0.5354076623916626,0.008725379407405854,0.218104287981987,0.011577008122112603,0.39397430419921875
fit,1625480655000,0.019121029633911726,0.4196270704269409,0.016284400364384055,0.5351069271564484,0.015708407540805637,0.7974168062210083
fit,1625480745000,0.022268991853074262,0.5314447432756424,0.011513164732605219,0.2130308449268341,0.00853745557484217,0.47079436480998993
fit,1625480865000,0.020177167457258824,0.6378627419471741,0.009598486823961139,0.22907842695713043,0.008233352091629058,0.41628965735435486
fit,1625481015000,0.014731343455522013,0.4563986212015152,0.01619843360967934,0.5064224600791931,0.012120961215114221,0.5578858852386475
fit,1625484615000,0.016280918447572883,0.5273257791996002,0.009846868738532067,0.2818957045674324,0.00889145836001262,0.4356541931629181
fit,1625484915000,0.013209400068384032,0.4000000059604645,0.014239574642851948,0.2749803066253662,0.01276457451749593,0.40635576844215393
fit,1625484945000,0.018809141398399256,0.4396876394748688,0.014531407598406076,0.5064224749803543,0.013059909894363954,0.5634363889694214
fit,1625488605000,0.02127813902369174,0.4439730644226074,0.01275619762018323,0.436208575963974,0.01001578752999194,0.4019528478384018
fit,1625496225000,0.01721152117131813,0.44894805550575256,0.014622680051252246,0.3821229338645935,0.007448261897079647,0.41628968715667725
fit,1625496285000,0.016349780885360588,0.5199460536241531,0.01779342326335609,0.47131551802158356,0.010390472724102437,0.44211411476135254
fit,1625506395000,0.019763375578113102,0.6441193073987961,0.012419134844094515,0.3973703160881996,0.0008420010283589363,0.19711917638778687
fit,1625518245000,0.017161583531327552,0.40899913012981415,0.013450198154896498,0.3456871211528778,0.000757234413176775,0.37240633368492126
fit,1625518815000,0.014446754289883757,0.45797646045684814,0.009781541209667921,0.45815688371658325,0.0008209741581231356,0.15723717212677002
fit,1625521845000,0.020083113317665637,0.5388130098581314,0.014708949066698552,0.3456871211528778,0.0006607239786535501,0.18901225924491882
fit,1625522175000,0.017352538590729695,0.44994688034057617,0.015464970283210278,0.4201399087905884,0.0006543150264769793,0.22929492592811584
fit,1625522205000,0.014969673279669138,0.44991591572761536,0.01078332676552236,0.218104287981987,0.0007372461352497339,0.22929492592811584
fit,1625534175000,0.011758348222792847,0.29258597642183304,0.009689580043777823,0.2818957045674324,0.0006421276647597551,0.27290207147598267
fit,1625534205000,0.012290293039503316,0.39399273321032524,0.016237027756869794,0.3355938792228699,0.0010180907137691975,0.4417697489261627
fit,1625536245000,0.01976334912449147,0.5049721300601959,0.017874225787818433,0.3456871211528778,0.0006577405333518982,0.19751983880996704
fit,1625537595000,0.01286809970385434,0.3235492706298828,0.011606317991390825,0.3821229338645935,0.0006004554033279419,0.168660506606102
fit,1625538015000,0.017255588444487557,0.5765140950679779,0.012200760329142213,0.4522828459739685,0.0007416858710348606,0.2218712568283081
fit,1625540775000,0.01630180148144215,0.40000002086162567,0.012735349033027888,0.31700263917446136,0.000569283189252019,0.2936464250087738
fit,1625540865000,0.015486007586808152,0.5162577778100967,0.011189187411218882,0.22005872428417206,0.0006584600731730461,0.17136293649673462
fit,1625545035000,0.01844916679781363,0.3797339163720608,0.019856521300971507,0.5064224600791931,0.0011798214446753262,0.35705071687698364
fit,1625553015000,0.03256472526595644,0.8385416865348816,0.014026867924258113,0.5181432813405991,0.0007299859076738358,0.2010851502418518
fit,1625554725000,0.01615989820171914,0.5124246254563332,0.01411125175654888,0.4090375602245331,0.0008333926927298307,0.224476158618927
fit,1625555115000,0.016928120463853703,0.3525838116183877,0.012664431147277356,0.28906482458114624,0.0007019699458032846,0.24570615589618683
fit,1625556345000,0.022537188196656642,0.45477573573589325,0.014928661054000258,0.5064224600791931,0.0007895757257938385,0.1866767406463623
fit,1625556435000,0.017809454722312996,0.36697038263082504,0.015477161388844252,0.5781296491622925,0.0008111394848674536,0.17380988597869873
fit,1625560575000,0.015890546995797193,0.38705455511808395,0.02313432455994189,0.5781296491622925,0.001708233328536153,0.5292820706963539
fit,1625572245000,0.01490121191260793,0.4000000059604645,0.017004861636087297,0.5181432813405991,0.001142532778903842,0.2675545737147331
fit,1625573115000,0.01682274272025097,0.35102229565382004,0.014598604524508119,0.218104287981987,0.001392428958788514,0.3598725497722626
fit,1625573595000,0.014788763217317561,0.2957075834274292,0.014708710834383965,0.5781296491622925,0.0011656141560524701,0.35399574041366577
fit,1625576685000,0.017756732760608428,0.6054842546582222,0.014068544004112482,0.436208575963974,0.0008059244696050883,0.17276006937026978
fit,1625577375000,0.015641275514887334,0.43142634630203247,0.01226291423663497,0.3909478485584259,0.0012901375256478788,0.2952547073364258
fit,1625584035000,0.015620302675354953,0.39089956879615784,0.010488220769912005,0.2933643013238907,0.001026954296976328,0.23394715785980225
fit,1625584425000,0.017656065962607197,0.7680878527462482,0.010883002448827029,0.218104287981987,0.001764906607568264,0.40729016065597534
fit,1625586645000,0.01885516420273537,0.7908339072018862,0.018874240340664983,0.6711877584457397,0.0011205557081848383,0.3877619206905365
fit,1625586675000,0.02008860388183772,0.5157719608396292,0.015440396452322602,0.6246587038040161,0.001053214967250824,0.3063633441925049
fit,1625586705000,0.018613726973853773,0.5182335823774338,0.010899616405367851,0.5781296491622925,0.000634631421416998,0.14311134815216064
fit,1625586735000,0.015834293357329443,0.43068722635507584,0.01186507218517363,0.5181432813405991,0.0006268807500600814,0.14311134815216064
fit,1625589135000,0.018436247322582252,0.5416334867477417,0.018914387794211507,0.3821229338645935,0.0010484130401164293,0.18963950872421265
fit,1625589735000,0.013382621199464968,0.3440876826643944,0.014828014234080911,0.3456871211528778,0.001233361465856433,0.34983962774276733
fit,1625592915000,0.01612570815947644,0.4543893188238144,0.010488052852451801,0.2883181720972061,0.0014986323472112417,0.4259243309497833
fit,1625593065000,0.017150678169734115,0.40000002086162567,0.012915193662047386,0.218104287981987,0.0010467677377164364,0.3669758141040802
fit,1625593755000,0.01763615089900365,0.42219723016023636,0.015827089129015804,0.28906482458114624,0.001086780894547701,0.32632023096084595
fit,1625593815000,0.018205025438752877,0.708238035440445,0.01634654775261879,0.662675678730011,0.0012799806613475084,0.5308675765991211
fit,1625597415000,0.015652918776322623,0.39825257286429405,0.015285099856555462,0.3821229338645935,0.0009306846838444471,0.26543664932250977
fit,1625598705000,0.0292888088705998,0.8515896685421467,0.011577293835580349,0.28906482458114624,0.0014731852058321238,0.4421703815460205
fit,1625600475000,0.034826488250352367,0.88581183552742,0.010856033768504858,0.29165512323379517,0.0011875128000974654,0.4507821798324585
fit,1625600535000,0.03575184071620849,0.907814871519804,0.015289896819740533,0.2836604118347168,0.0018002506718039512,0.501139909029007
fit,1625600625000,0.02973657595963838,0.9014072120189667,0.012900881143286825,0.24701368808746338,0.0013427516818046569,0.4445924162864685
fit,1625606115000,0.016505315329898924,0.3385410010814667,0.010760641191154718,0.218104287981987,0.00104942643083632,0.26543664932250977
fit,1625606145000,0.01924615742949148,0.6187928915023804,0.01545161115936935,0.3941918760538101,0.001661793915554881,0.4551679491996765
fit,1625606235000,0.01764784539930891,0.48175280913710594,0.012093728501349687,0.3973703160881996,0.0014629945904016495,0.37482279539108276
fit,1625606535000,0.018570650294107812,0.5239902660250664,0.011855229549109936,0.28906482458114624,0.0009484982490539551,0.2200210988521576
fit,1625606685000,0.015969126426716683,0.3999999761581421,0.016551119275391102,0.2818957045674324,0.001684548920020461,0.5045552477240562
fit,1625607915000,0.01813500870430289,0.6061862111091614,0.011993469810113311,0.3821229338645935,0.0011945174634456635,0.23605495691299438
fit,1625616015000,0.017221187583830518,0.36643605725839734,0.02029707212932408,0.3456871211528778,0.0011569889169186353,0.40635576844215393
fit,1625616375000,0.016773899181316665,0.4627315104007721,0.014326056465506554,0.3355938792228699,0.0014218008238822222,0.3234104514122009
fit,1625617245000,0.014223341698137422,0.4000000059604645,0.011963457660749554,0.3456871211528778,0.0005322784837335349,0.19046705961227417
fit,1625617395000,0.013693262807404,0.4212924912571907,0.009479512786492705,0.2818957045674324,0.0009292049147188664,0.23059146106243134
fit,1625620125000,0.014849224243638067,0.2884792983531952,0.01973691345192492,0.5032440200448036,0.0009796275198459626,0.26596665382385254
fit,1625621535000,0.014083388395617173,0.4000000059604645,0.015218834765255452,0.4547392502427101,0.0010411574691534043,0.44950878620147705
fit,1625622525000,0.011658977567761516,0.3108083219267428,0.01687168013304472,0.371701180934906,0.0018606132082641124,0.4166801795363426
fit,1625622585000,0.012069123433320783,0.3388030622154474,0.015445110108703374,0.28906482458114624,0.0013044420070946216,0.3234104514122009
fit,1625625165000,0.015498953988844733,0.46059906482696533,0.013076197821646929,0.5181432813405991,0.0012020112108439207,0.3198832720518112
fit,1625626095000,0.013314258632696389,0.3521224781870842,0.014193867333233356,0.23337793350219727,0.0012293420918285847,0.2511122226715088
fit,1625631015000,0.01806524185133943,0.5977485477924347,0.01379162077791989,0.3456871211528778,0.0015106961131095887,0.5765713155269623
fit,1625631375000,0.015498158731497824,0.4000000059604645,0.01323420936241746,0.2818957045674324,0.0007424089126288891,0.2509741485118866
fit,1625632035000,0.018384433357641682,0.36718840152025223,0.013965992582961917,0.5781296491622925,0.0011658405885100365,0.21096566319465637
fit,1625632125000,0.016474474970406543,0.4756319001317024,0.013491490017622709,0.30096369981765747,0.0012127623986452818,0.3945578932762146
fit,1625634435000,0.013802399777341634,0.4000000059604645,0.015443637035787106,0.3456871211528778,0.0017363236006349325,0.3461897075176239
fit,1625638155000,0.01570177885975378,0.30875108018517494,0.019403652427718042,0.28906482458114624,0.0012651337310671806,0.5204440355300903
fit,1625638245000,0.01707639318871467,0.4016690216958523,0.01753031318075955,0.28906482458114624,0.0013674428500235081,0.4174755662679672
fit,1625641185000,0.01887816722737625,0.3911602087318897,0.02262372337281704,0.474683940410614,0.0022872738167643548,0.5100871920585632
fit,1625641215000,0.01685766893303177,0.30956395296379924,0.011532343458384275,0.28906479477882385,0.0009262913744896651,0.22557410597801208
fit,1625641455000,0.014150736559471019,0.4000000059604645,0.01589587898924947,0.3456871211528778,0.0007564245350658894,0.2074628472328186
fit,1625641665000,0.022951402261969633,0.6604225635528564,0.015440230956301093,0.3533506691455841,0.0014897567499428986,0.3062736690044403
fit,1625643495000,0.013838166042053976,0.472817100584507,0.011045723175629973,0.3456871211528778,0.0014257893990725279,0.38365638256073
fit,1625643585000,0.016231825069795983,0.5052641127258539,0.012266503134742378,0.2818957045674324,0.0013965776562690736,0.33805352449417114
fit,1625643735000,0.014088917061356673,0.4002699814736843,0.014763662219047546,0.3821229338645935,0.0010205493401736021,0.2990590035915375
fit,1625652555000,0.014455415408641177,0.31656309217214584,0.0126774319447577,0.2818957045674324,0.0007805151119828224,0.19410479068756104
fit,1625652705000,0.018699157250921417,0.49296530336141586,0.01805450697429478,0.2818957045674324,0.0016968513932079077,0.5100871920585632
fit,1625652795000,0.015563930262896975,0.4000000059604645,0.00975921992212534,0.3456871211528778,0.0019466254953294992,0.45204001665115356
fit,1625652825000,0.012674972278985782,0.3637458086013794,0.01238502529449761,0.3456871211528778,0.0018678101990371942,0.4149661660194397
fit,1625652885000,0.01843644554205639,0.3746233955025673,0.01313844001851976,0.2818957045674324,0.0007381580397486687,0.27480125427246094
fit,1625653515000,0.01382761694672657,0.4000000059604645,0.016898734588176013,0.3941918760538101,0.0011120398808270693,0.3695951849222183
fit,1625654055000,0.013905098847256643,0.3365800380706787,0.011482980102300644,0.218104287981987,0.0012976756226271392,0.3154882416129112
fit,1625655165000,0.01959576023024662,0.49033956229686737,0.017210728535428644,0.3909478485584259,0.0013602866977453232,0.39590081572532654
fit,1625658585000,0.017579648247980608,0.7417507325299084,0.015358884865418077,0.5064224600791931,0.0007743132859468461,0.1867350935935974
fit,1625659785000,0.019989062150125393,0.4903782978653908,0.011935387970879674,0.3355938792228699,0.0015193323604762554,0.32740750908851624
fit,1625660985000,0.01695981989722289,0.42668457329273224,0.012731595477089287,0.2933643013238907,0.001168548809364438,0.30310380458831787
fit,1625661015000,0.017909679392566127,0.42668457329273224,0.018673148890957236,0.4378967136144638,0.0010743450745940208,0.34973034262657166
fit,1625661975000,0.014604181124013849,0.4004472866654396,0.01714209499768913,0.3909478485584259,0.0016623433027416468,0.3983578085899353
fit,1625665185000,0.016448228528588515,0.6592492163181305,0.013334128120914102,0.3973703160881996,0.000808718828484416,0.24974307417869568
fit,1625671905000,0.017927148463301516,0.5097702071070671,0.010751212341710925,0.2818957045674324,0.0008462816569954157,0.2066659927368164
fit,1625675325000,0.014354964539719125,0.4000000059604645,0.014686859305948019,0.3456871211528778,0.009914293116889895,0.5404763221740723
fit,1625675385000,0.018018897358948984,0.4419995844364166,0.016578820208087562,0.3909478485584259,0.010714990987908094,0.4283173382282257
fit,1625679615000,0.013271263205388096,0.307049959897995,0.012121396092697977,0.436208575963974,0.010496977908769623,0.4283173382282257
fit,1625679675000,0.0194505462985641,0.4659019187092781,0.015524237137287854,0.5064224600791931,0.01139072334393859,0.4950688034296036
fit,1625679825000,0.018239961584913544,0.44523000717163086,0.012872450752183795,0.28906482458114624,0.014901277897879482,0.8404200822114944
fit,1625679915000,0.019532037531219733,0.4000000059604645,0.015580228948965668,0.6711877584457397,0.015989015121012928,0.8384790644049644
fit,1625688045000,0.02057165056806601,0.6492617316544056,0.013928746758028864,0.3456871211528778,0.011197159341536462,0.5497385710477829
fit,1625692635000,0.017823531877365895,0.7003012746572495,0.012311089364811779,0.3271564319729805,0.012885724296793341,0.6079652458429337
fit,1625693055000,0.013589518722922852,0.5832160003483295,0.015021732356399298,0.3456871211528778,0.013083636144874617,0.5404763221740723
fit,1625693205000,0.015291641388709346,0.5000000223517418,0.01773418835364282,0.28906482458114624,0.011997555206762626,0.5246854424476624
fit,1625697315000,0.014843219541944563,0.34940044581890106,0.014596844790503383,0.6246587038040161,0.014121872128453106,0.4899780750274658
fit,1625707605000,0.01360849519066202,0.2695392966270447,0.016771982703357936,0.218104287981987,0.012437741477042437,0.5400485992431641
fit,1625711085000,0.016316040034568383,0.27652711421251297,0.012421738728880883,0.3456871211528778,0.012724529979750513,0.44016754627227783
fit,1625711115000,0.01556562830586093,0.2662941962480545,0.013612682232633233,0.3456871211528778,0.012353032501414419,0.467605859041214
fit,1625711295000,0.013398781747370473,0.4000000059604645,0.015129613410681485,0.3271564319729805,0.013159433335531504,0.553691565990448
fit,1625712225000,0.012575654281924168,0.33850931376218796,0.009533694386482239,0.2818957045674324,0.011795095086563378,0.4070410877466202
fit,1625719725000,0.016782246854684976,0.7397069688886404,0.011231057066470384,0.3909478485584259,0.010604057614691555,0.4615854322910309
fit,1625719875000,0.014932713141024578,0.4000000059604645,0.011005598725751043,0.2818957045674324,0.01280726760509424,0.5510374158620834
fit,1625720055000,0.014217921601812122,0.5526472274214029,0.008009438402950764,0.28906482458114624,0.010045930759515613,0.5774997472763062
fit,1625720475000,0.014360787122617088,0.40000002086162567,0.009252535784617067,0.28906482458114624,0.013116146010579541,0.5035424828529358
fit,1625720505000,0.014382306143428043,0.40000002086162567,0.016163597581908107,0.3381841778755188,0.012479561240179465,0.7339516282081604
fit,1625720595000,0.017546317202504724,0.2705432176589966,0.01908877706155181,0.28906482458114624,0.016458653977606444,0.4172910451889038
fit,1625722185000,0.015197423061666389,0.3190099522471428,0.009836164489388465,0.2818957045674324,0.011399626492056995,0.4928586483001709
fit,1625722365000,0.01815101054138116,0.5187008678913116,0.011155948089435697,0.2366349771618843,0.01180492780636996,0.4669273793697357
fit,1625722425000,0.0183610318985302,0.6391007602214813,0.013938817521557212,0.316616415977478,0.012515818220563232,0.525299072265625
fit,1625722485000,0.018346548016415908,0.5717304795980453,0.01774832312949002,0.6711877584457397,0.0126318071433343,0.4421703815460205
fit,1625725155000,0.018990083667449652,0.7105452567338943,0.011576854484155774,0.2818957045674324,0.013187639759853481,0.4288760721683502
fit,1625725605000,0.014652992513341208,0.40543848276138306,0.012296921014785767,0.2366349771618843,0.01074960925616324,0.4283173382282257
fit,1625726475000,0.015236715736682527,0.4000000059604645,0.011486622737720609,0.218104287981987,0.012668100215960295,0.3626093566417694
fit,1625726745000,0.01585093806788791,0.3199425935745239,0.013505938788875937,0.2433229684829712,0.01371549706440419,0.5554952472448349
fit,1625728365000,0.015142861832949469,0.6510739959776402,0.018919450277462602,0.28906482458114624,0.017055034041404724,0.4765314310789108
fit,1625728995000,0.016668985023594967,0.45073410868644714,0.018708877777680755,0.2818957045674324,0.013991057755192741,0.605781227350235
fit,1625729025000,0.021545808637165466,0.5241911727935076,0.012559091486036778,0.20332878828048706,0.014237213724991307,0.4735967069864273
fit,1625729085000,0.01786006133479532,0.4560275226831436,0.013396642869338393,0.3456871062517166,0.014582562311552465,0.5404763221740723
fit,1625729985000,0.012479467784578447,0.45529382675886154,0.010739141842350364,0.2818957045674324,0.011660953128011898,0.36453482508659363
fit,1625730195000,0.012887055360867332,0.36962585151195526,0.010913150990381837,0.28906482458114624,0.01269551133387722,0.4958965480327606
fit,1625730345000,0.011611574915150413,0.29806647589430213,0.02030598893761635,0.4732699543237686,0.01794821031857282,0.686820924282074
fit,1625730465000,0.012154318640629451,0.4414837956428528,0.014934870367869734,0.3821229338645935,0.015464705887716264,0.530347466468811
fit,1625730555000,0.017203796251366536,0.4123282730579376,0.01439383733086288,0.3456871211528778,0.015036974764661863,0.6852075010538101
fit,1625733555000,0.013628857262180343,0.32586976885795593,0.012337106466293334,0.3456871211528778,0.01425063758972101,0.5125439763069153
fit,1625734095000,0.017284034360394194,0.4233603524044156,0.01183750587515533,0.3456871211528778,0.01132488641422242,0.4283173382282257
fit,1625734965000,0.016304831695742907,0.4271223098039627,0.014716294500976801,0.3456871211528778,0.015222987425513566,0.539120152592659
fit,1625735175000,0.01296810234731917,0.4209499657154083,0.009234887640923261,0.28906482458114624,0.012200576170580462,0.6658677607774734
fit,1625735325000,0.01867013719881167,0.5095509327948093,0.014267535740509629,0.5781296491622925,0.01771399940713309,0.6790154874324799
fit,1625736135000,0.018734648313936002,0.4000000059604645,0.015057555120438337,0.2818957045674324,0.014299997554626315,0.525299072265625
fit,1625737485000,0.013669111272004859,0.28163251280784607,0.01427110554650426,0.2818957045674324,0.013389548971317708,0.7103862762451172
fit,1625738595000,0.014459214921104527,0.4000000059604645,0.012764726346358658,0.2245267555117607,0.012323321939911694,0.499564453959465
fit,1625741565000,0.014141581573251944,0.3718352299183607,0.019162763282656668,0.45815691351890564,0.016420533505734056,0.5495967715978622
fit,1625741985000,0.014406969925039448,0.31422320008277893,0.016630326956510545,0.3456871211528778,0.015708543974906206,0.5733408778905869
fit,1625746905000,0.014179056487046182,0.3021111562848091,0.014590931311249732,0.3456871211528778,0.013700255043804645,0.559625893831253
fit,1625750295000,0.016491409198351903,0.7482560276985168,0.017130228830501436,0.3271564319729805,0.013720950977876782,0.5386665463447571
fit,1625750385000,0.01410607191476932,0.3456827886402607,0.01391596025787294,0.3271564319729805,0.011653080203104764,0.525299072265625
fit,1625750445000,0.017460779583052498,0.2560453824698925,0.01903034085407853,0.3759562075138092,0.015510974505450576,0.48930108547210693
fit,1625752125000,0.015882166736992075,0.5434238165616989,0.014383451547473669,0.218104287981987,0.012586124881636351,0.530809223651886
fit,1625752155000,0.014558133423755256,0.5434238165616989,0.010103747574612498,0.22907845675945282,0.010238658550661058,0.46522021293640137
fit,1625753805000,0.013687881524674594,0.3537307307124138,0.008041222020983696,0.28906479477882385,0.013357554550748319,0.5204440355300903
fit,1625755545000,0.017826422207872384,0.5703345090150833,0.009290311578661203,0.28906479477882385,0.009903530138544739,0.4773012846708298
fit,1625755695000,0.019671716998467068,0.3000374995172024,0.018281980650499463,0.45815691351890564,0.013589435869362206,0.6170080602169037
fit,1625757525000,0.017663152530652346,0.29801633954048157,0.017228619381785392,0.436208575963974,0.013699581953696907,0.4796249568462372
fit,1625767485000,0.015532222627977413,0.4776936024427414,0.011028580972924829,0.25162559747695923,0.013880682402523235,0.5308732986450195
fit,1625767515000,0.01691803127650928,0.4776936024427414,0.012568110413849354,0.2818957045674324,0.013235703442478552,0.45800843834877014
fit,1625768355000,0.017381117059024596,0.5395546108484268,0.015027497382834553,0.5781296491622925,0.012200884260237218,0.5357057899236679
fit,1625768565000,0.01360032130314721,0.23123071063309908,0.014290824439376593,0.3821229338645935,0.010656721368432044,0.44211411476135254
fit,1625768835000,0.01742057956143981,0.7653196640312672,0.010309890424832702,0.2933643013238907,0.010028542489744724,0.5528071224689484
fit,1625771115000,0.015560126324029018,0.4644223377108574,0.012664030771702528,0.28906482458114624,0.011117772683501243,0.4283173382282257
fit,1625771205000,0.015737065492430702,0.40000002086162567,0.015112143103033304,0.3381841778755188,0.009578075944446027,0.5268892645835876
fit,1625774115000,0.014315714828262572,0.2848031371831894,0.011375355068594217,0.5781296491622925,0.013296652974095196,0.6498409062623978
fit,1625781015000,0.016909096214415817,0.4000000059604645,0.010529347741976381,0.2633650153875351,0.010941089700208977,0.5179677605628967
fit,1625786685000,0.015049015853825646,0.46770206093788147,0.01058587278239429,0.218104287981987,0.011048362540313973,0.4796249568462372
fit,1625790825000,0.018023317642856303,0.5514613911509514,0.015557334898039699,0.3271564319729805,0.015053719924762845,0.5404763221740723
fit,1625792475000,0.018673644160541396,0.6275113373994827,0.012666979245841503,0.5181432813405991,0.013738101915223525,0.4513889253139496
fit,1625792505000,0.018025221765856258,0.6275113373994827,0.012082133861258625,0.2975768893957138,0.011604533252539113,0.44765688478946686
fit,1625792595000,0.015179863367059928,0.4547961950302124,0.01596452435478568,0.2818957045674324,0.012119637994328514,0.7194374203681946
fit,1625792655000,0.01961172868201781,0.4251803457736969,0.014338158722966909,0.6711877584457397,0.011814534742152319,0.4643661081790924
fit,1625796255000,0.015427852333717358,0.45806416869163513,0.021978968102484942,0.3089904487133026,0.015511019011028112,0.48930108547210693
fit,1625796495000,0.016739831901698685,0.4000000059604645,0.019119193917140363,0.4111081063747406,0.015093445205129683,0.6070964336395264
fit,1625797695000,0.01454160206776578,0.26576708257198334,0.01169547187164426,0.28906482458114624,0.013538970842491836,0.5490356683731079
fit,1625797875000,0.014900065859304352,0.40000002086162567,0.013871152698993684,0.45815691351890564,0.014075677944347262,0.5404763221740723
fit,1625798025000,0.019774944519546502,0.5825471538119018,0.017461377335712312,0.5637913942337036,0.017985818254528566,0.5404763221740723
fit,1625800815000,0.015091659663570074,0.32341957837343216,0.011719352705404163,0.28906482458114624,0.012664292231202126,0.41628965735435486
fit,1625800905000,0.015770052079703115,0.46775639802217484,0.01360697583295405,0.37361086905002594,0.01576096340548247,0.49162258207798004
fit,1625800965000,0.014947244434733876,0.44771311059594154,0.013540801731869579,0.3821229338645935,0.015169877988519147,0.960193544626236
fit,1625801025000,0.011542690159209694,0.40613216161727905,0.015216196095570922,0.2818957045674324,0.01406823426950723,0.5404763221740723
fit,1625801055000,0.019498409461812118,0.47150708734989166,0.020863940194249152,0.4547392502427101,0.016195222586393356,0.6274735927581787
fit,1625802165000,0.013479653808947964,0.2693996876478195,0.013504523364827038,0.4378967136144638,0.015368849516380578,0.5302857905626297
fit,1625804235000,0.013375265878372981,0.5294280126690865,0.015005876962095498,0.5781296491622925,0.01448452124837786,0.7259193658828735
fit,1625804835000,0.014594362198840827,0.30311488546431065,0.010753736272454262,0.27560751140117645,0.011581817489350214,0.5392210632562637
fit,1625804865000,0.016930346852799025,0.30311488546431065,0.012207842292264104,0.27560751140117645,0.012176844491623342,0.5914599001407623
fit,1625804985000,0.014251459359851044,0.6252504214644432,0.014036476844921708,0.22907842695713043,0.009711135767865926,0.4283173382282257
fit,1625805075000,0.015255620412062854,0.3062110021710396,0.014855698077008128,0.3355938792228699,0.011735017583705485,0.5855173468589783
fit,1625808345000,0.01747368562258392,0.452005073428154,0.011214161571115256,0.28906482458114624,0.013043574418406933,0.5213645547628403
fit,1625808405000,0.014804440583490456,0.452005073428154,0.019991956604644655,0.5781296491622925,0.013174647027626633,0.5404763221740723
fit,1625808465000,0.013419524607403826,0.3337910324335098,0.019782399665564297,0.3456871211528778,0.013776596803218126,0.5634363889694214
fit,1625808495000,0.01629638553907474,0.38543642684817314,0.019161816313862802,0.3456871211528778,0.013670071109663695,0.5764530152082443
fit,1625808525000,0.016999093268532307,0.4000000059604645,0.011985415127128363,0.3456871211528778,0.009817825097125024,0.5740331560373306
fit,1625810235000,0.013908901950586975,0.30000000447034836,0.00998770766891539,0.24701368808746338,0.014070969671010972,0.5932139456272125
fit,1625810385000,0.016662229261904336,0.5898730382323265,0.01695986380800605,0.436208575963974,0.014433645401149988,0.5530213564634323
fit,1625810445000,0.01239526336818623,0.3171847388148308,0.017902520159259437,0.3456871211528778,0.012957416968420147,0.5100871920585632
fit,1625811345000,0.017053436760761542,0.40000002086162567,0.015096518956124783,0.2366349771618843,0.016048382041044532,0.5163195133209229
fit,1625814285000,0.016900331059878225,0.4000000059604645,0.012964375596493483,0.218104287981987,0.01512414515018463,0.5918433368206024
fit,1625815815000,0.014266940945526585,0.4123830497264862,0.014643533481284976,0.3271564319729805,0.0143849419336766,0.5462707728147507
fit,1625817045000,0.016090485490470503,0.5934077352285385,0.01213065842166543,0.5781296491622925,0.012706824680790305,0.5459098964929581
fit,1625821575000,0.014941624706504323,0.28828710690140724,0.01292603467591107,0.3271564319729805,0.011402481325203552,0.42330607771873474
fit,1625821605000,0.014677396326442249,0.25474099814891815,0.012319548893719912,0.3271564319729805,0.011130352563923225,0.5727322697639465
fit,1625822745000,0.01466355467964604,0.248476454988122,0.012449447577819229,0.2818957045674324,0.013770126629387959,0.6013607233762741
fit,1625823255000,0.012038944332380197,0.47322044149041176,0.01106394357047975,0.2818957045674324,0.011341492057545111,0.5292107164859772
fit,1625823345000,0.014199252806429285,0.4000000059604645,0.011872671777382493,0.3456871211528778,0.013944514967733994,0.5733553618192673
fit,1625824965000,0.016435895595229035,0.40000002086162567,0.013012950588017703,0.3821229338645935,0.01550218244898133,0.5228263884782791
fit,1625826945000,0.013798324703869488,0.34150511026382446,0.019056975562125444,0.5064224749803543,0.016808965337695554,0.6596167087554932
fit,1625828475000,0.01233678372943056,0.28681282699108124,0.010809383913874626,0.2818957045674324,0.014727813767967746,0.5480365753173828
fit,1625829225000,0.01530795982471318,0.3229067847132683,0.010264903819188476,0.218104287981987,0.012575197000987828,0.45138800144195557
fit,1625830605000,0.015951014716119972,0.537266805768013,0.0221403444185853,0.6610809862613678,0.01745866464683786,0.7879486083984375
fit,1625831175000,0.018940889315854293,0.5485894903540611,0.013660130882635712,0.3533506691455841,0.0122113953018561,0.46878910064697266
fit,1625831295000,0.01993907081487123,0.4114437699317932,0.017595353303477168,0.5781296491622925,0.018947782102040945,0.7110728025436401
fit,1625832795000,0.015305942605482414,0.40000002086162567,0.01825190973468125,0.5113306641578674,0.01736854346934706,0.686820924282074
fit,1625832915000,0.014086029010650236,0.3579765632748604,0.008439681259915233,0.2933643013238907,0.012136326571926474,0.4854772090911865
fit,1625833785000,0.014930025903352847,0.46077946200966835,0.012971211597323418,0.218104287981987,0.012376284663332626,0.6148751825094223
fit,1625835735000,0.012567902890441473,0.21657109074294567,0.01251847054809332,0.2425357699394226,0.013381543152499944,0.47876305878162384
fit,1625837025000,0.01305453814578262,0.2349216267466545,0.01965884934179485,0.251047819852829,0.013153845770284533,0.6379022151231766
fit,1625837115000,0.018949701136443765,0.3837028406560421,0.01305900551378727,0.4201399087905884,0.011897859675809742,0.6211848706007004
fit,1625840145000,0.019927881129842718,0.4409477710723877,0.012173266941681504,0.3271564319729805,0.01103401611559093,0.5998720675706863
fit,1625849115000,0.018425204116889898,0.4579494297504425,0.012971795070916415,0.3456871211528778,0.01158345139818266,0.368397057056427
fit,1625853375000,0.01603466545105524,0.423431396484375,0.015413222275674343,0.3973703160881996,0.013719506214838475,0.64596027135849
fit,1625854695000,0.01265526779970969,0.4804099574685097,0.014148970972746611,0.3909478485584259,0.010194833280984313,0.5947276204824448
fit,1625854725000,0.01313507458762615,0.3793238672660664,0.011396237928420306,0.2836604118347168,0.015493655044119805,0.5982606709003448
fit,1625856255000,0.016168620180299815,0.40000002086162567,0.014753151405602693,0.3456871211528778,0.0095837494044099,0.4702050983905792
fit,1625856315000,0.013082524799392559,0.3071504235267639,0.010167034575715661,0.3456871211528778,0.010128588536754251,0.45278480648994446
fit,1625858715000,0.017338567582191898,0.4967500641942024,0.021254695812240244,0.5637914091348648,0.017732891710475086,0.7941176891326904
fit,1625859375000,0.017255746713635743,0.4000000059604645,0.014876558072865009,0.3941918760538101,0.014123599571175873,0.6589432954788208
fit,1625869935000,0.015849960081807998,0.33973996341228485,0.015089274663478137,0.3456871062517166,0.012812446866882965,0.4890933334827423
fit,1625870835000,0.012638542151883788,0.4000000059604645,0.011437200754880906,0.5181432813405991,0.010846876997966319,0.5583749115467072
fit,1625874105000,0.015529951882232733,0.6102642938494682,0.01169765405356884,0.6246587038040161,0.012833673994755372,0.5301926285028458
fit,1625876085000,0.018700354082587484,0.7260944098234177,0.009622589079663157,0.23337793350219727,0.011457221475429833,0.525299072265625
fit,1625876115000,0.015865519525444446,0.7260944098234177,0.011929049156606197,0.3456871211528778,0.01096554467920214,0.5350328683853149
fit,1625877465000,0.0161548472045979,0.39972227811813354,0.013999701011925936,0.3456871211528778,0.011142135163536295,0.500699371099472
fit,1625877495000,0.01431476836563282,0.39972227811813354,0.009967636689543724,0.3271564319729805,0.011584575986489654,0.5578858852386475
fit,1625881365000,0.01448218875254194,0.465197185985744,0.013183968374505639,0.3456871211528778,0.010235806049313395,0.5343521982431412
fit,1625882595000,0.012698747809433067,0.4000000059604645,0.010517870308831334,0.28906482458114624,0.011256182770011947,0.4688696265220642
fit,1625882655000,0.017500616282147045,0.4000000059604645,0.012533285422250628,0.218104287981987,0.01197048943839036,0.4231136739253998
fit,1625882685000,0.01902041827367308,0.3786058723926544,0.017555444827303292,0.2818957045674324,0.01209755519288592,0.5211046487092972
fit,1625882925000,0.012572165789121452,0.4000000059604645,0.01284867012873292,0.436208575963974,0.014946480616927146,0.5321959853172302
fit,1625883405000,0.018177073845193566,0.4266276992857456,0.00852825869806111,0.218104287981987,0.011562729233410209,0.5846334844827652
fit,1625887875000,0.012562125816960664,0.22994782961905003,0.014347588084638119,0.5181432813405991,0.009847043941263109,0.3669758141040802
fit,1625889195000,0.01621753217235285,0.640922162681818,0.014535058196634055,0.6711877584457397,0.011581573309376836,0.4283173382282257
fit,1625891295000,0.013038589142767402,0.31440986320376396,0.015412218356505036,0.3456871211528778,0.011711437493795529,0.3962406516075134
fit,1625891445000,0.01948345160505293,0.6000000089406967,0.012522062007337808,0.3381841778755188,0.011900751049397513,0.525299072265625
fit,1625891535000,0.011431521657990136,0.3159642145037651,0.01290378523990512,0.3821229338645935,0.01332980131614022,0.4694731831550598
fit,1625898675000,0.015849690058045478,0.40000002086162567,0.011936876876279711,0.3821229338645935,0.011560324057936668,0.5297049283981323
fit,1625899005000,0.014266611900226659,0.32138746976852417,0.011822327272966504,0.3456871211528778,0.013706543097505346,0.6425866335630417
fit,1625899245000,0.01387749808903512,0.35457487031817436,0.01490474590100348,0.3909478485584259,0.013551774342777207,0.6064216643571854
fit,1625902245000,0.01430248421553794,0.43259280174970627,0.012184501951560378,0.2818957045674324,0.013148352506104856,0.4669599235057831
fit,1625903625000,0.017703533285142233,0.5065155997872353,0.017235754942521452,0.3271564319729805,0.01545057594892569,0.480257511138916
fit,1625908665000,0.016452627745456992,0.4000000059604645,0.014748490089550615,0.3304004594683647,0.014239734282018617,0.5404763221740723
fit,1625909625000,0.013870566707919352,0.40000002086162567,0.01429683631286025,0.5781296491622925,0.013068654027301818,0.6733826100826263
fit,1625909685000,0.01700713470345363,0.4000000059604645,0.012040684418752789,0.2883181720972061,0.012257914168294519,0.508213996887207
fit,1625909745000,0.0145699656040847,0.48987993597984314,0.014242350542917847,0.4378967136144638,0.01110283333226107,0.47210900485515594
fit,1625917065000,0.013779853747109883,0.4018324315547943,0.013848221162334085,0.436208575963974,0.0111614871583879,0.513464629650116
fit,1625922525000,0.012496973311256928,0.3662267029285431,0.013448061980307102,0.2883181720972061,0.011452676157932728,0.525299072265625
fit,1625922585000,0.013889158677193337,0.5207062363624573,0.01280410923063755,0.27560751140117645,0.012160422813612968,0.5010236650705338
fit,1625924745000,0.017757274052322223,0.6282366588711739,0.009868055395781995,0.3821229338645935,0.011382764341542497,0.5806409120559692
fit,1625926155000,0.01581342745339498,0.5000000149011612,0.009546754183247685,0.2883181720972061,0.011268267582636327,0.47852855920791626
fit,1625926275000,0.017991757423321056,0.40536705777049065,0.009915229864418507,0.5781296491622925,0.013220527698285878,0.5765926837921143
fit,1625926335000,0.01606393191141251,0.4545830003917217,0.016130978567525746,0.3456871211528778,0.012106508524157107,0.6190872639417648
fit,1625926425000,0.018938999080880117,0.826730765402317,0.011697291256859898,0.3381841778755188,0.01057206634664908,0.5666448771953583
fit,1625927025000,0.012000600048728908,0.20000001788139343,0.015686024259775878,0.4201399087905884,0.01303434938658029,0.6274735927581787
fit,1625927055000,0.012262422364923016,0.2754792869091034,0.015995453437790276,0.4547392502427101,0.013221467644907534,0.6274735927581787
fit,1625930715000,0.014218597095896257,0.44052354618906975,0.013642544485628605,0.7092047333717346,0.012225453292485327,0.5903124511241913
fit,1625931195000,0.01928028966394777,0.5329256653785706,0.019022583868354558,0.5181432813405991,0.014005864278879017,0.5634363889694214
fit,1625931825000,0.01668827052356695,0.40000002086162567,0.010709461383521557,0.4201399087905884,0.00889268146827817,0.5148581117391586
fit,1625934405000,0.01445938357404278,0.24320504069328308,0.010318618966266513,0.3821229338645935,0.009220946305431426,0.5493603050708771
fit,1625942295000,0.015457196162606124,0.24308693408966064,0.013369575329124927,0.5781296491622925,0.009143456264864654,0.4532530903816223
fit,1625942325000,0.015099481775056727,0.3067203015089035,0.01485319691710174,0.5364126116037369,0.013032858651131391,0.6755954027175903
fit,1625942445000,0.015920834668456032,0.5000000074505806,0.010496663022786379,0.3304004594683647,0.009545954175991937,0.415241003036499
fit,1625944695000,0.01562119364971295,0.4000000059604645,0.012848887406289578,0.4201399087905884,0.008169767479412258,0.28622275590896606
fit,1625950875000,0.013709006106364541,0.40000002086162567,0.010026026144623756,0.308625727891922,0.010177543089957908,0.49235451221466064
fit,1625952135000,0.014209708843069772,0.43742211163043976,0.015695705264806747,0.436208575963974,0.010897033961955458,0.5634363889694214
fit,1625960235000,0.01590634358320434,0.5366525547578931,0.013422345975413918,0.3973703160881996,0.010239033338148146,0.5670040547847748
fit,1625964045000,0.022096076330005113,0.7346862480044365,0.012171167088672519,0.2883181720972061,0.009630249064648523,0.5503510981798172
fit,1625966295000,0.018205564153079952,0.4687808230519295,0.012167776934802532,0.6246587038040161,0.009986777156591416,0.3492777496576309
fit,1625966355000,0.018911624524965493,0.5301367789506912,0.010891874181106686,0.3821229338645935,0.009118793027009815,0.6382628679275513
fit,1625966955000,0.01568515581311658,0.40000002086162567,0.009669565083459019,0.436208575963974,0.008788384988438338,0.4283173382282257
fit,1625967015000,0.015780200649169275,0.4999999850988388,0.010249869478866459,0.251047819852829,0.009582613488892094,0.7455864027142525
fit,1625967915000,0.014352941231481963,0.43584562279284,0.017147650476545095,0.5064224600791931,0.012011318684089929,0.5404763221740723
fit,1625968005000,0.012444051731533061,0.4000000059604645,0.008485408592969179,0.2425357699394226,0.008041173551464453,0.41628965735435486
fit,1625975025000,0.01760850657107464,0.4000000059604645,0.009827875439077616,0.30252213776111603,0.008443861486157403,0.3461897075176239
fit,1625975055000,0.020554486018954776,0.4000000059604645,0.009020289452746511,0.14031982421875,0.0075614717369899154,0.4184435233473778
fit,1625975085000,0.02015509748113497,0.5361000038683414,0.009457583352923394,0.2130308449268341,0.007728517161449417,0.4283173382282257
fit,1625975265000,0.015454963869069615,0.311402291059494,0.01030169422738254,0.2666090428829193,0.008565021525137127,0.29319825768470764
fit,1625983725000,0.013751858685282059,0.30814050137996674,0.011241540033370256,0.7092047333717346,0.008693418935872615,0.525299072265625
fit,1625983845000,0.01944764047075296,0.6580626592040062,0.008363823080435396,0.3456871211528778,0.007709755608811974,0.4283173382282257
fit,1625984055000,0.019984497179393657,0.642909899353981,0.01132231722585857,0.6246587038040161,0.00809430297696963,0.525299072265625
fit,1625992065000,0.015620592745835892,0.4356295168399811,0.012606961000710726,0.3941918760538101,0.008524611111497507,0.5634363889694214
fit,1625992515000,0.0130281050480941,0.32051488012075424,0.014686539629474282,0.4426310583949089,0.011665047274436801,0.6476854681968689
fit,1625992695000,0.015854771597272097,0.8663820624351501,0.010548228491097688,0.3909478485584259,0.0076979551801923665,0.35541805624961853
fit,1626007545000,0.01706169584572308,0.31985825300216675,0.01622636467218399,0.3821229338645935,0.009255973553517833,0.4417697489261627
fit,1626022935000,0.018390344254051647,0.3993427902460098,0.015120726078748703,0.28906482458114624,0.003901128647848964,0.28622275590896606
fit,1626023475000,0.01800980459471854,0.41897130012512207,0.013759770384058356,0.3456871211528778,0.00352781661786139,0.22666841745376587
fit,1626035745000,0.019832702096027787,0.5885149240493774,0.008562900684773922,0.1607353389263153,0.003721636813133955,0.3252914994955063
fit,1626038565000,0.02100537885853555,0.4000000059604645,0.011588611407205462,0.2883181720972061,0.003348585544154048,0.30898309499025345
fit,1626039075000,0.021210045075955957,0.5470735495910048,0.02101545250043273,0.47131551802158356,0.0041037668380886315,0.2790236994624138
fit,1626039375000,0.02278911863856289,0.9101617410778999,0.011470197327435016,0.2818956896662712,0.0033593962993472815,0.37040044367313385
fit,1626042615000,0.02147693768517153,0.6758587267249823,0.015617671329528094,0.4547392502427101,0.0035398202668875454,0.34328295290470123
fit,1626042855000,0.01851166159613058,0.636122465133667,0.01131572350859642,0.3909478485584259,0.0039592722058296205,0.20354611426591873
fit,1626043005000,0.015361899619650406,0.44161146879196167,0.015172813087701797,0.436208575963974,0.0034446557983756065,0.49158337712287903
fit,1626043395000,0.024260226766151995,0.6416366323828697,0.01734868101775646,0.2883181720972061,0.0039622567687183615,0.3019224554300308
fit,1626049305000,0.017345673024343946,0.4211408346891403,0.014368084911257028,0.3973703160881996,0.004237510031089187,0.2463752031326294
fit,1626052155000,0.017423423587752042,0.5497151017189026,0.013963566115126013,0.3821229338645935,0.004854681715369224,0.38556966185569763
fit,1626052365000,0.015824276201116542,0.40438199043273926,0.012542864494025707,0.42605479061603546,0.003272003075107932,0.7819640710949898
fit,1626052485000,0.014938772298046387,0.3815915882587433,0.0131273431237787,0.4732699543237686,0.002822797344997525,0.26543664932250977
fit,1626057585000,0.017169374100437076,0.4852207079529762,0.01669753356836736,0.3355938792228699,0.004538289960473776,0.8133336752653122
fit,1626057735000,0.014428282387477035,0.3360186815261841,0.011941647063940764,0.3355938792228699,0.00470313555561006,0.35763633251190186
fit,1626057795000,0.018165706136399725,0.5169492587447166,0.01360478699207306,0.3456871211528778,0.005221597468480468,0.40729161351919174
fit,1626060405000,0.017642398821772078,0.47453679889440536,0.01456354265101254,0.37361083924770355,0.0046792254038155075,0.6442045494914055
fit,1626065805000,0.018125752567721067,0.4842708185315132,0.011880759848281741,0.2883181720972061,0.0033733547385782,0.3475450947880745
fit,1626071085000,0.0180883438283369,0.38752318173646927,0.013069713395088911,0.28906482458114624,0.0039046936109662055,0.24187129735946655
fit,1626071115000,0.013106745286495424,0.36672958731651306,0.013438147306442261,0.3456871211528778,0.0040779257379472255,0.26543664932250977
fit,1626072105000,0.021030270282911562,0.5915907844901085,0.019567051576450466,0.3821229338645935,0.00458318610675633,0.5100871920585632
fit,1626072135000,0.019826236779408646,0.5915907844901085,0.011550498520955443,0.3309062421321869,0.004733189847320319,0.4085240215063095
fit,1626078555000,0.02053450046320601,0.5006492435932159,0.011698108445852996,0.218104287981987,0.004346161279827356,0.3877619206905365
fit,1626079905000,0.014448677977391829,0.35353994369506836,0.009346008813008667,0.3456871062517166,0.00431293505243957,0.5347108095884323
fit,1626080025000,0.014043405585107393,0.37121281027793884,0.011322554806247354,0.2818956896662712,0.002790412427857518,0.17852532863616943
fit,1626091335000,0.017030890966998412,0.4092313386499882,0.01476691416464746,0.3642178103327751,0.004130298458039761,0.3669758141040802
fit,1626091935000,0.018530220765751438,0.49708298593759537,0.015694275218993425,0.6711877584457397,0.0037827549502253534,0.33521658182144165
fit,1626093015000,0.019516196848174634,0.6437488496303558,0.016084591671824456,0.47131551802158356,0.003985393950715661,0.3234104514122009
fit,1626093045000,0.019203128026614044,0.6437488496303558,0.01467711729928851,0.47131551802158356,0.00399565227329731,0.3153981491923332
fit,1626093315000,0.015297920168571484,0.2562708482146263,0.02359939585439861,0.6711877584457397,0.004552402896806597,0.3408367186784744
fit,1626113145000,0.01796370913749949,0.3851279020309448,0.0112266531214118,0.3456871211528778,0.003142088390886784,0.2452622652053833
fit,1626115245000,0.0178024246240966,0.41488322615623474,0.011195204965770245,0.23337793350219727,0.0032602449879050254,0.3234104514122009
fit,1626123915000,0.018676186802137333,0.5059248805046082,0.01104836855083704,0.3412550240755081,0.0037949040438979864,0.6146532595157623
fit,1626136905000,0.020967842158279383,0.6920551126822829,0.009879895951598883,0.3909478485584259,0.0037530392967164514,0.16170519590377808
fit,1626136935000,0.020886178814786643,0.6920551126822829,0.013377121882513165,0.4201399087905884,0.002382149267941713,0.19597145169973373
fit,1626142605000,0.0188047888019355,0.3330739289522171,0.022851880453526974,0.47131551802158356,0.004099538614973426,0.6002367436885834
fit,1626152805000,0.014850948562040382,0.4000000059604645,0.011926419660449028,0.2883181720972061,0.003791270703077316,0.28622275590896606
fit,1626154905000,0.01600182903506114,0.4000000059604645,0.011190897272899746,0.3724171444773674,0.0037168961390852927,0.2520783394575119
fit,1626158805000,0.017853936841129327,0.40000002086162567,0.009775678999722004,0.3355938792228699,0.004306978154927492,0.5100871920585632
fit,1626160065000,0.01731274243942001,0.4312037229537964,0.014805818721652032,0.3909478485584259,0.004240565802901984,0.2705983892083168
fit,1626160095000,0.014099118233813594,0.35082125663757324,0.012705789599567651,0.3909478485584259,0.003018978126347065,0.2198539674282074
fit,1626160155000,0.01720235776544238,0.4000000059604645,0.013550805579870939,0.3821229338645935,0.003230254091322422,0.27688926458358765
fit,1626162165000,0.018990274936125692,0.5573461502790451,0.012667568679898978,0.4999999850988388,0.0029878753889352083,0.22395513206720352
fit,1626163545000,0.017274337668398705,0.38911567628383636,0.010268060304224492,0.3456871211528778,0.0034486577287316323,0.26543664932250977
fit,1626176805000,0.014060783904005803,0.40564587712287903,0.011849285382777453,0.3909478485584259,0.005245135705918074,0.44719622284173965
fit,1626179865000,0.018647909488208825,0.3445270359516144,0.011696728598326444,0.5781296491622925,0.0030614621937274933,0.2619220241904259
fit,1626183375000,0.01946024292653116,0.3345748968422413,0.01189490482211113,0.25321123003959656,0.003913034908473492,0.4739454984664917
fit,1626183645000,0.02071864888688045,0.5587155520915985,0.01849497128278017,0.436208575963974,0.004853129452094436,0.5680609941482544
fit,1626184305000,0.020439298703180005,0.6000000238418579,0.009920036979019642,0.2536381483078003,0.004771904917433858,0.24465054273605347
fit,1626188265000,0.01846721659433873,0.4963473901152611,0.010395060805603863,0.2818957045674324,0.0034711309894919396,0.3247281610965729
fit,1626198315000,0.025012788911893343,0.7161052394658327,0.012957888515666127,0.2818957045674324,0.003480895273387432,0.33251214772462845
fit,1626202125000,0.017027653013550057,0.40263041108846664,0.009595872974023223,0.4201399087905884,0.002918908316642046,0.3258654996752739
fit,1626203535000,0.023768725608897513,0.7323980033397675,0.010318982228636742,0.3456871211528778,0.0041794472932815555,0.6808623671531677
fit,1626213015000,0.021885802071240808,0.5906286388635635,0.015328512340784074,0.3821229338645935,0.0047888024989515545,0.3267694488167763
fit,1626217905000,0.018810957237534846,0.644768089056015,0.015272107208147645,0.6246587038040161,0.003394882120192051,0.24465054273605347
fit,1626227235000,0.017285472933993636,0.509736854583025,0.017121011344715952,0.3941918760538101,0.003192560579627752,0.3918745219707489
fit,1626231315000,0.019813879447368284,0.30240634083747864,0.016488599637523294,0.436208575963974,0.0037210305593907834,0.3796280026435852
fit,1626234735000,0.02166864654670159,0.5104888379573822,0.018234420800581574,0.5781296491622925,0.004723313422873616,0.40635576844215393
fit,1626234795000,0.019408109986882967,0.30355168879032135,0.01995815602131188,0.4362085610628128,0.004831294734030962,0.3168179392814636
fit,1626234825000,0.018182778917253017,0.30000001192092896,0.01713208882138133,0.3909478485584259,0.00448136187158525,0.3168179392814636
fit,1626241995000,0.017881452846631875,0.4000000059604645,0.009034736035391688,0.3456871211528778,0.00229245500639081,0.3436793386936188
fit,1626242055000,0.018105861326815405,0.4000000059604645,0.01581480004824698,0.3456871062517166,0.0033723467867821455,0.26543664932250977
fit,1626242205000,0.01688320345468431,0.4190540835261345,0.013286636350676418,0.2666090428829193,0.003215463887900114,0.24465054273605347
fit,1626245025000,0.016089615024005372,0.40000002086162567,0.01910327738150954,0.4814692884683609,0.0037872638553380967,0.2220907211303711
fit,1626247485000,0.015749798016137597,0.24112587422132492,0.018063784530386328,0.3909478485584259,0.0038243266846984623,0.2614706754684448
fit,1626247695000,0.01309057259253071,0.22123637795448303,0.0077595883049070835,0.1275828331708908,0.0038097623642534017,0.273710235953331
fit,1626249075000,0.019852758676279336,0.40000002086162567,0.026239386526867747,0.6246587038040161,0.0052770836930722,0.397593654692173
fit,1626254865000,0.01733726139937062,0.6138299107551575,0.017701761890202762,0.3909478485584259,0.004249071469530463,0.28622275590896606
fit,1626254955000,0.020101309778207604,0.638817809522152,0.013453417783603072,0.3355938792228699,0.0030265896767377853,0.27271535992622375
fit,1626263535000,0.021193420192867053,0.4733348488807678,0.011899922089651228,0.5781296491622925,0.004448324330151081,0.329845130443573
fit,1626264585000,0.015496304246092526,0.37456647865474224,0.011749657336622477,0.5781296491622925,0.0035335805639624598,0.28694067150354385
fit,1626266685000,0.017316549453244078,0.2983177453279495,0.01216363050043583,0.218104287981987,0.003008874747902155,0.3619459792971611
fit,1626266715000,0.01765014455886558,0.4000000059604645,0.012998463027179242,0.436208575963974,0.0037770227622240782,0.38536637276411057
fit,1626267465000,0.014637184269762809,0.45687197148799896,0.015587534708902239,0.3456871211528778,0.0047446708474308255,0.3331278786063194
fit,1626271275000,0.02009399955131812,0.34656165540218353,0.015811899816617368,0.5351069271564484,0.0037740736920386553,0.31632696837186813
fit,1626276345000,0.014968916876629617,0.30000000447034836,0.012079210812225937,0.3909478485584259,0.002864582370966673,0.22937317192554474
fit,1626276375000,0.015271703135416223,0.3999999761581421,0.011937646241858602,0.2883181720972061,0.004050101023167372,0.29980625957250595
fit,1626280485000,0.014358494026237168,0.4841962084174156,0.013298581540584564,0.3456871062517166,0.0035337699949741365,0.3077721893787384
fit,1626280605000,0.01654241653062248,0.31346919387578964,0.01212377562187612,0.3355938792228699,0.003893959289416671,0.32163673639297485
fit,1626280635000,0.015381497150519863,0.24566099047660828,0.013585670199245215,0.218104287981987,0.0035395442321896555,0.26543664932250977
fit,1626284715000,0.019330107713661466,0.4640306681394577,0.019297873182222248,0.3909478485584259,0.0038364547211676837,0.28622275590896606
fit,1626286725000,0.014730951836099848,0.5620364099740982,0.015382830146700143,0.3456871211528778,0.0037190318573266266,0.2660483717918396
fit,1626289845000,0.042119497497333215,0.8067959174513817,0.012540440028533339,0.3456871211528778,0.0038539031427353623,0.2614706754684448
fit,1626301095000,0.014427969880246867,0.2531256377696991,0.011760004051029681,0.6711877584457397,0.0033056004997342823,0.21813074499368668
fit,1626301635000,0.01852110988111235,0.4391142427921295,0.01588711030781269,0.218104287981987,0.004259527949616313,0.40635576844215393
fit,1626301665000,0.01844237361801788,0.4190499223768711,0.011914985114708542,0.3381841778755188,0.0036838923953473567,0.3234104514122009
fit,1626306405000,0.016652763684881697,0.37800489366054535,0.014999994169920683,0.2933643013238907,0.004184117838740349,0.3380488455295563
fit,1626306945000,0.01947953728182862,0.6000000089406967,0.01547222607769072,0.3909478485584259,0.0033794220071285963,0.2614706754684448
fit,1626306975000,0.01789527752844151,0.49194931983947754,0.010528889764100314,0.3355938792228699,0.004146940978243947,0.28710442036390305
fit,1626313725000,0.02030664116027765,0.4577309414744377,0.01636464400216937,0.45815691351890564,0.0040400352049618955,0.3052072450518608
fit,1626315135000,0.025779424804689675,0.5846781730651855,0.021360163949429987,0.4362085610628128,0.0040583676379174,0.3627629056572914
fit,1626315165000,0.02652277954063417,0.6518664322793484,0.02152310125529766,0.3271564319729805,0.004136964492499828,0.34038329124450684
fit,1626316335000,0.01806232917297166,0.3670008108019829,0.016447508754208685,0.5181432813405991,0.0037272195890545846,0.41217631101608276
fit,1626316455000,0.02161645430887802,0.5282360389828682,0.01619483376853168,0.3909478485584259,0.003967216378077865,0.3541465401649475
fit,1626316665000,0.01536415437294636,0.4105099327862263,0.01836634618230164,0.3456871062517166,0.0036546328011900185,0.35705071687698364
fit,1626318945000,0.018355910058987016,0.39814361929893494,0.01785162491723895,0.218104287981987,0.004910449823364615,0.3090020418167114
fit,1626321165000,0.019446902408769045,0.3655536100268364,0.014191591087728739,0.218104287981987,0.0048269054014235735,0.32264523208141327
fit,1626321195000,0.015205216985971977,0.4000000059604645,0.01147704697214067,0.45815688371658325,0.004388822503387928,0.4551847502589226
fit,1626321315000,0.02089124978228938,0.7125281095504761,0.013465177034959197,0.2425357699394226,0.003480005208402872,0.23550239950418472
fit,1626321405000,0.013146636907670957,0.40000002086162567,0.013394941762089729,0.436208575963974,0.0033098327368497847,0.2074628472328186
fit,1626321525000,0.017860717548789276,0.4000000059604645,0.01204824703745544,0.5781296491622925,0.003026219280436635,0.19492828845977783
fit,1626326895000,0.01848168920647974,0.4023289121687412,0.012923418916761875,0.436208575963974,0.003159144064411521,0.22605669498443604
fit,1626330105000,0.0177966272245006,0.4381834864616394,0.019886248698458075,0.3456871211528778,0.003924731761217117,0.40635576844215393
fit,1626332175000,0.015694721598993055,0.35911375656723976,0.013340633595362306,0.6246587038040161,0.0029589755926281215,0.24465054273605347
fit,1626332235000,0.018209028737813545,0.640402402728796,0.009924567397683859,0.22907842695713043,0.0038908439967781307,0.3584048002958298
fit,1626334875000,0.01800132716113391,0.325222946703434,0.016019988199695946,0.4426310583949089,0.00439286413602531,0.29078520834445953
fit,1626337095000,0.01515103351266589,0.37560607865452766,0.016594353830441833,0.4362085610628128,0.00401380741968751,0.22605669498443604
fit,1626340485000,0.020279032700151824,0.43590375781059265,0.014656425872817635,0.2933643013238907,0.004216686626896262,0.4472625404596329
fit,1626343815000,0.013311814842745661,0.23399733752012253,0.022706103418022393,0.5803676545619965,0.004112840155139566,0.3461897075176239
fit,1626343875000,0.014860613941952277,0.2893950715661049,0.016541177174076438,0.5593593120574951,0.0036977881379425524,0.3226243555545807
fit,1626343965000,0.013459245869307778,0.23800558596849442,0.019836676446720956,0.436208575963974,0.003897021450102329,0.48930108547210693
fit,1626355995000,0.021012057922780512,0.3763996362686157,0.012323354696854949,0.45815688371658325,0.004206376699730754,0.3372535705566406
fit,1626356175000,0.017502368021329553,0.4000000059604645,0.008725174050778151,0.3355938792228699,0.0030331551935523747,0.3090020418167114
fit,1626361185000,0.02043183528779385,0.5319022834300995,0.018861110182479025,0.45815688371658325,0.005075428048148751,0.7046016305685043
fit,1626361275000,0.01907938918157015,0.6384247541427612,0.01202971301972866,0.3456871211528778,0.0032319815270602705,0.43237876892089844
fit,1626364635000,0.017796110530616714,0.7110626697540283,0.01355023067444563,0.2366349771618843,0.0035519403498619796,0.2936464250087738
fit,1626367305000,0.016962851960367214,0.39669767022132874,0.011315927933901548,0.3456871062517166,0.009192304123425856,0.6274735927581787
fit,1626369525000,0.019154652532112473,0.5836880505084991,0.013123616762459277,0.3456871211528778,0.008771689556306228,0.44848763942718506
fit,1626369615000,0.020777547229469444,0.7459031045436859,0.009495452186092735,0.2818957045674324,0.007109866065438837,0.29319825768470764
fit,1626369645000,0.015866700347396546,0.6867550164461136,0.010451644752174616,0.4902998208999634,0.007520058525260538,0.4283173382282257
fit,1626373335000,0.019069812994954798,0.6264673210680485,0.010353397345170379,0.321207731962204,0.00852234118967317,0.4417697489261627
fit,1626373845000,0.0193097598288053,0.5387676507234573,0.014803160587325693,0.3456871211528778,0.009495411878451704,0.5559590086340904
fit,1626374535000,0.020175079915982982,0.6360366940498352,0.010027900990098714,0.2527782917022705,0.008174769680481404,0.4283173382282257
fit,1626374625000,0.014923837541330916,0.30000000447034836,0.010972450906410813,0.45815688371658325,0.008565198816359042,0.5529129579663277
fit,1626374835000,0.014298378727592839,0.4124669134616852,0.00856104288250208,0.218104287981987,0.0075488379690796135,0.2936919927597046
fit,1626379335000,0.016894063180855786,0.4330383688211441,0.01078485301695764,0.23900088667869568,0.008001129999756813,0.5051667541265488
fit,1626380415000,0.017371354538287656,0.6790210083127022,0.011066937074065208,0.218104287981987,0.008821524496888743,0.4609425887465477
fit,1626383235000,0.013877333884011023,0.27798381447792053,0.01178786768577993,0.3456871211528778,0.008991234221030027,0.8911888003349304
fit,1626385605000,0.014365477819228544,0.569850355386734,0.010276199039071798,0.3456871062517166,0.007978684812551365,0.4274018332362175
fit,1626392565000,0.01983563038520515,0.7009824514389038,0.008186775958165526,0.1275828331708908,0.007795303130988032,0.44211411476135254
fit,1626393465000,0.01987322665457517,0.5145540644298308,0.011477901553735136,0.4902998208999634,0.008166631618514657,0.44211411476135254
fit,1626399285000,0.02062515683064703,0.33784798393025994,0.023031997494399548,0.45815688371658325,0.014581316444091498,0.44344041496515274
fit,1626399315000,0.02144495040217104,0.4845963940024376,0.02283346960321069,0.37361085414886475,0.014085807297378778,0.6215663105249405
fit,1626407895000,0.019809960574881793,0.3769296482205391,0.017939080111682416,0.28906482458114624,0.010839032585499809,0.41628965735435486
fit,1626408615000,0.016940475538528215,0.423125296831131,0.009331539180129767,0.45815688371658325,0.007819497707532718,0.32763753086328506
fit,1626408705000,0.020481792911111067,0.49628308415412903,0.011335710156708955,0.28906479477882385,0.008537118579261005,0.5404763221740723
fit,1626408795000,0.017342607604223303,0.4151587672531605,0.009470791276544332,0.28906479477882385,0.0059998483280651275,0.35705071687698364
fit,1626417885000,0.0158623224881012,0.4000000059604645,0.007726507959887385,0.2818957045674324,0.009876493089832366,0.525299072265625
fit,1626418605000,0.013794737196682642,0.4531566873192787,0.013087914511561393,0.3456871062517166,0.008223121473565697,0.6476854681968689
fit,1626421125000,0.015237773818080313,0.4699707329273224,0.010073696123436093,0.2818957045674324,0.007615726679796353,0.4343086704611778
fit,1626427395000,0.015284223743947223,0.40000002086162567,0.011023466708138585,0.3456871211528778,0.008626815704628825,0.5282854214310646
fit,1626427455000,0.01573860100082432,0.40000002086162567,0.009440882271155715,0.4201399087905884,0.010085190280806273,0.4283173382282257
fit,1626435105000,0.013638090715782406,0.4000000059604645,0.014791501360014081,0.218104287981987,0.008662189993774518,0.4283173382282257
