raw_type,raw_count,raw_semantics,current_ad_label,historical_rca_eligible,candidate_e2e_meaning,evidence,current_main_interval_valid_count,current_ad_mapped_count,p5_status
login failure,15478,explicit simulated login failure,positive on parsed interval at event service,yes,labelled injected service,raw message + current parser + historical adapter,15478,15478,REVALIDATED FACT
memory_anomalies,652,explicit high-memory injection,positive on parsed interval at event service,yes,labelled injected service,official run example + current parser + historical adapter,652,652,REVALIDATED FACT
cpu_anomalies,12,explicit CPU anomaly injection with decimal duration,not labelled because current-main duration regex rejects decimal,yes after audit-only duration repair,labelled injected service; parser defect must be resolved before final taxonomy,raw rows + current parser + historical adapter repair,0,0,REVALIDATED FACT
file moving program,43,explicit file-moving program trigger,positive on parsed interval at event service,yes,labelled fault service,raw message + current parser + historical adapter,43,43,REVALIDATED FACT
access permission denied exception,15,explicit permission-denied exception,positive on parsed interval at event service,yes,labelled fault service,raw message + current parser + historical adapter,15,15,REVALIDATED FACT
normal,861,INFO/system-log record,not positive,no,normal/system record; not a diagnosis event,current parser; official run directory contains both logs and injections,0,0,REVALIDATED FACT
error_event,38,generic ERROR system-log record; injection status not established,positive for one aligned bin because st=end and type is non-normal,no,semantically unresolved non-injection error observation,current parser + deal_label filter; no subtype-specific official support,38,38,REVALIDATED FACT (mapping); semantics unresolved
normal memory freed label,17,normal memory-freed marker; exact role not officially established,positive for synthetic 600s interval at event service,no (historically excluded as recovery marker),"OPEN QUESTION: recovery evidence, not an independent anomaly unless frozen later",raw name + current hard-coded duration + targeted temporal audit,17,17,OPEN QUESTION
unknown,36,unparsed/unsupported record,not positive because no interval,no,unsupported/open,current parser,0,0,REVALIDATED FACT (mapping); semantics unresolved
